гимнастика	ژیمناستیک
Паймони Атлантики	ناتو
Антанта	تفاهم
Сочи	سوچی
Анапа	آناپا
Устиё	اوستیا
Мате-Йехуда	آماری ماتیه یهودا
Ванкувер	ونکوور
Квебек	کبک
Монреал	مونترآل
Калкутта	کلکته
Калкутта	کلکته
Тринитӣ	ترینیتی
Масеҳ	مسیح
Масеҳ	مسیح
Масеҳ	مسیح
Масеҳ	مسیح
Масеҳ	مسیح
Масеҳ	مسیح
Масеҳ	مسیح
Масеҳ	مسیح
Масеҳ	مسیح
Бонки аврупоии бозсозӣ ва тавсеъа	بانک اروپایی بازسازی و توسعه
Бонки бозсозӣ ва рушд	بانک بازسازی و توسعه
Бонки тавсеъаи осиёӣ	بانک توسعه آسیایی
Бонки тавсеъаи исломӣ	بانک توسعه اسلامی
байналмилалии	بین‌الملل
Новгони Уқёнуси Ором	ناوگان اقیانوس آرام
Новгони Уқёнуси Ором	ناوگان اقیانوس آرام
Новгони Уқёнуси Ором	ناوگان اقیانوس آرام
Новгони Уқёнуси Ором	ناوگان اقیانوس آرام
Новгони Уқёнуси Ором	ناوگان اقیانوس آرام
Фукушима	فوکوشیما
Ҳамаматсу	هاماماتسو
Нара	نارا
Нагано	ناگانو
Оказаки	اوکازاکی،
Сагамиҳара	ساگامیهارا،
Ҳачиоҷи	هاچی‌اوجی،
Тачикава	تاچیکاوا،
Яшио	یاشیئو،
Яшио	یاشیئو،
Яшио	یاشیئو،
Яшио	یاشیئو،
Яшио	یاشیئو،
Сукре	سوکره
Висбаден	ویسبادن
Йена	ینا
Мюнстер	مونستر
Виттмунд	ویتموند
Зулинген	زولینگن
Гёттинген	گوتینگن
Штутгарт	اشتوتگارت
Ҳамм	هام
Калисои Сербия	کلیسای صربی
Калисои ортодоксии Укроин	کلیسای ارتدکس اوکراین
Калисои ортодоксии Олбонӣ	کلیسای ارتدکس آلبانی
Йоҳаннесбург	ژوهانسبورگ
Ситии Лондон	سیتی لندن
Дакка	داکا
Сидней	سیدنی
Франкфурт	فرانکفورت
Токио	توکیو
Лондон	لندن
Мелбурн	ملبورن
Торонто	تورنتو
Москва-Ситӣ	کسب
Мюнхен	مونیخ
Мюнхен	مونیخ
Мюнхен	مونیخ
Мюнхен	مونیخ
Мюнхен	مونیخ
Мюнхен	مونیخ
Мюнхен	مونیخ
Мюнхен	مونیخ
Мюнхен	مونیخ
Шанхай	شانگهای
Окленд	اوکلند
Донишгоҳи Куинс	دانشگاه کوئینز
Донишгоҳи Торонто	دانشگاه تورنتو
БелАЗ	بلاز
Ҳизби Олмон	حزب آلمان
Судон	سودان
Муштаракулманофеи Лаҳистон-Литва	مشترک‌المنافع لهستان–لیتوانی
Рум	روم
Селевкиён	سلوکیان
Донишгоҳи Чорл	دانشگاه چارلز
Юон	یوآن
Лу	لو
Утриш-Маҷористон	اتریش-مجارستان
Ҳоҷенвилл	هاجنویل،
Ҳартфорд	هارتفورد
Белвю	بلویو،
Дурҳом	دورهام،
Волсом	والتهام،
Атланта	آتلانتا
Ҳадсун,Ню-Йорк	هادسون، نیویورک
витир	ویتیر،
Санта Барбара	سنتا باربارا،
Вустер	ووستر،
Гэри	گری،
Глендейл	گلندیل
Амстердам,Ню-Йорк	آمستردام، نیویورک
Помона	پومونا،
Индепенденс	ایندیپندنس،
Порт Ҷервис,Ню-Йорк	پورت جرویس، نیویورک
Санта Фе	سانتا فه
Литл Фолз,Ню-Йорк	لیتل فالز، نیویورک
Сан Маркос	سن مارکوس،
Лас Вегас	لاس‌وگاس
Талса	تالسا،
Мишен-Вйеҳу	میشن ویجو،
Синсиннати	سینسینتی
Ҳюстон	هیوستون
Лансинг	لنسینگ
Ню-Йорк	نیویورک
Ашленд	اشلند،
Сан-Марино	سان مارینو،
Гловурсвил,Ню-Йорк	گلوورسویل، نیویورک
Огденсбург,Ню-Йорк	اگدنس بورگ، نیویورک
Томасвил	توماس ویل،
Сан Диего	سن دیگو
Кетчум	کچام،
Бей Сент-Луис	بی سنت. لوئیس،
Майами	میامی
Рочестер,Ню-Йорк	روچستر
Детройт	میشیگان،
Умоҳо	اوماها
Колумбия	کلمبیا،
Воҳу	واهو،
Нюбург,Ню-Йорк	نیوبورگ، نیویورک
Манчестер	منچستر،
Эл-Сентро	ال سنترو،
Лукпорт,Ню-Йорк	لوک پورت، نیویورک
Ренселаер,Ню-Йорк	رنسلیر، نیویورک
Спрингфилд, Массачусетс	اسپرینگفیلد ماساچوست
Мидл Таун,Ню-Йорк	میدل تاون، نیویورک
Албания,Ню-Йорк	آلبانی، نیویورک
Сан-Бруно	سان برونو،
Санта-Моника	سنتا مونیکا،
Сакраменто	ساکرامنتو
Бруклин	بروکلین
Монтгомери	مونتگمری
Ричмунд	ریچموند،
Ҳоп	هوپ
Балтимор	بالتیمور
Колорадо Спрингс,	کلرادو اسپرینگز
Оулон,Ню-Йорк	اولان، نیویورک
Куинсӣ	کوئینسی،
Соку	سوکو،
Локовоно,Ню-Йорк	لاکاوانا، نیویورک
Рим,Ню-Йорк	رم، نیویورک
Кембриҷ	کمبریج
Сан-Франсиско	سان فرانسیسکو
Бустун	بوستون
Даллас,	دالاس
Арлингтон, Техас	آرلینگتون، تگزاس
Ниагаро Фолз,Ню-Йорк	نیاگارا فالز، نیویورک
Рончу-Мирож	رانچو مایراج،
Спрингфилд	اسپرینگ‌فیلد
Оусвего,Ню-Йорк	اوس ویگو، نیویورک
Маунт Вернон,Ню-Йорк	مانت ورنون، نیویورک
Норт Тауновондо,Ню-Йорк	نورت توناواندا، نیویورک
Оунинто,Ню-Йорк	اونینتا، نیویورک
Франкфорт	فرانکفورت
Орлеани	نیواورلئان
Нашвилл	نشویل
Вашингтон Ҳавзаи Колумбия	واشینگتن، دی. سی.
Тоскомбиё	تاسکامبیا،
Йорба-Линда	یوربا لیندا،
Корал-Гейблс	کورال گیبلز،
Оуэнсборо	اوونزبروو،
Кингстон,Ню-Йорк	کینگستون، نیویورک
Бирмингем	برمینگهم،
Малибу	ملیبو،
Илӣ	الی،
Кингстрӣ	کینگستر،
Таун,Ню-Йорк	جانزتاون، نیویورک
Престонсбург	پرستونسبورگ،
Наталия	ناتالی،
Мемфис	ممفیس
Кливленд	کلیولند
Шауни	شنی،
Сиэтл	سیاتل
Платсбург,Ню-Йорк	پلاتس بورگ، نیویورک
Мечаниквил,Ню-Йорк	مچانیکویلی، نیویورک
Каламазу	کالامزو،
Олимпиа,	المپیا
Скоттсдейл	سکاتزدیل،
Лос Анҷелес	لس آنجلس
Миннеаполис	مینیاپولیس
Ню-Ҳейвен	نیوهیون،
Сент-Луис	سنت لوئیس
Паго-Паго	پاگو پاگو
Беркли	برکلی،
Дейвис	دیویس،
Њурнел,Ню-Йорк	هورنل، نیویورک
Оунидо,Ню-Йорк	اونیدا، نیویورک
Таун,Ню-Йорк	تاون، نیویورک
Фресну	فرزنو
Филиму	فیلیمو
Филиму	فیلیمو
Чикаго	شیکاگو
шаҳрдории Резекне	شهرداری رزکنه
Рундал	رونداله
Рӯзномаи деворӣ	روزنامه دیواری
Ал-Баён	البیان
Известия	ایزویستیا
Файнаншиал Таймз	فایننشیال تایمز
Бухорои Шариф	بخارای شریف
Бухорои Шариф	بخارای شریف
Бухорои Шариф	بخارای شریف
Фурудгоҳи нерӯе ҳаво салтанате устуролеё дар пойгоҳи омбрли	فرودگاه نیروی هوایی سلطنتی استرالیا در پایگاه امبرلی
Бирмингем	بیرمنگام
Кентерберӣ	کنتربری
Кембриҷ	کمبریج
Созмони Ҳамкории Исломӣ	سازمان همکاری اسلامی
Созмони Ҳамкории Исломӣ	سازمان همکاری اسلامی
Созмони Ҳамкории Исломӣ	سازمان همکاری اسلامی
Созмони Ҳамкории Исломӣ	سازمان همکاری اسلامی
Созмони Ҳамкории Исломӣ	سازمان همکاری اسلامی
Мактаби кару гунгҳо	مکتب کر و گنگ‌ها
Таймз	تایمز
Таймз	تایمز
Таймз	تایمز
Тишрин	تشرین
Тишрин	تشرین
Тишрин	تشرین
Тишрин	تشرین
Валпараисо	والپارایزو
Бундестаг	بوندستاگ
Маҷлиси	ملی
Баҳрайн	بحرین
Вануату	وانواتو
Малта	مالت
Индонезия	اندونزی
Зеландияи	نیوزیلند
Маврикия	موریس
Микронезия	میکرونزی
Кирибатӣ	کیریباتی
Палау	پالائو
Исландия	ایسلند
Ирландия	ایرلند
Фиҷи	فیجی
Кипр	قبرس
Тимори Шарқӣ	تیمور شرقی
Антигуаю Барбуда	آنتیگوا و باربودا
Бритониёи	بریتانیا
Науру	نائورو
Попуо Гинеяи Нав	پاپوآ گینه نو
ва Принсипи	و پرینسیپ
Сингапур	سنگاپور
Ҷазираҳои Димоғаи	ورد
Шри-Ланка	سری‌لانکا
Кук	کوک
Доминикан	دومینیکن
Гренада	گرنادا
Кубо	کوبا
Самоа	ساموآ
Малдив	مالدیو
Сент-Винсент ва Гренадинҳо	سنت وینسنت و گرنادین‌ها
Сент-Китс ва Невис	سنت کیتس و نویس
Туркии Шимолӣ	ترک شمالی
Соломон	سلیمان
Ҷопон	ژاپن
Сент-Люсия	سنت لوسیا
Комор	قمر
Тонга	تونگا
Тайван	تایوان
Сейшел	سیشل
Маршал	مارشال
Ямайка	جامائیکا
Гренландия	گرینلند
Ҳоитӣ	هائیتی
Мадагаскар	ماداگاسکار
БиБиСи	بی‌بی‌سی
Созмони Паймони Амнияти Дастаҷамъӣ	سازمان پیمان امنیت جمعی
АНЗЮС	آنزوس
Асноди Панама	اسناد پاناما
Асноди Панама	اسناد پاناما
Зиндони Бағдод	زندان ابوغریب
Белгия	بلژیک
Португалия	پرتغال
Олмон	آلمان
Чили	شیلی
Чехия	چک
Итолиё	ایتالیا
Иёлоти Амрико	ایالات آمریکا
Туркия	ترکیه
Кулумбия	کلمبیا
Латвия	لتونی
Австралия	استرالیا
Словакия	اسلواکی
Дания	دانمارک
Финланд	فنلاند
Норвегия	نروژ
Словения	اسلوونی
Литва	لیتوانی
Суэд	سوئد
Юнон	یونان
Эстония	استونی
Конодо	کانادا
Мексика	مکزیک
Суис	سوئیس
Лаҳистон	لهستان
Испониё	اسپانیا
Фаронса	فرانسه
Маҷористон	مجارستان
Нидерланд	هلند
Коста Рика	کاستاریکا
Люксембург	لوکزامبورگ
Корея	کره
Корея	کره
фанноварии	دانشگاه صنعتی زوریخ
Мито	میتو،
Гифу	گیفو
Фунабаши	فوناباشی،
Вакаяма	واکایاما
Матсумото	ماتسوموتو،
Матсуяма	ماتسویاما،
Такасаки	تاکاساکی،
Ичиномия	ایچینومیا،
Ҳимеҷи	هیمه‌جی،
Асаҳикауа	آساهیکاوا
Акаши	آکاشی،
Маебаши	مائه‌باشی،
Тоттори	توتوری
Кошигая	کوشیگایا،
Акита	آکیتا
Фукуи	فوکوئی
Наҳа	ناها،
Кофу	کوفو،
Матсуе	ماتسوئه
Фукуяма	فوکویاما،
Ҳачиноҳе	هاچینوهه،
Шимоносеки	شیمونوسکی،
Суита	سوئیتا،
Ҳигашиосака	هیگاشی‌اوساکا،
Сасебо	ساسه‌بو،
Утсуномия	اوتسونومیا،
Тояма	تویاما
Кагошима	کاگوشیما
Куруме	کورومه،
Тоёта	تویوتا
Ҳираката	هیراکاتا،
Ёкосука	یوکوسوکا،
Ҳакодате	هاکوداته،
Корияма	کوری‌یاما،
Нишиномия	نیشی‌نومیا،
Мориока	موریوکا،
Иваки	ایواکی،
Ямагата,	یاماگاتا
Курашики	کوراشیکی،
Кауагучи	کاواگوچی،
Нагасаки	ناگازاکی
Тоёҳаши	تویوهاشی،
Амагасаки	آماگاساکی،
Куре	کوره،
Аомори	آئوموری
Каназауа	کانازاوا،
Отсу	اتسو،
Такатсуки	تاکاتسوکی،
Неягауа	نه‌یاگاوا،
Оита	اوئیتا
Кашива	کاشیوا،
Такаматсу	تاکاماتسو،
Кочи	کوچی
Тоёнака	تویوناکا،
Кавагое	کاواگوئه،
Кавагое	کاواگوئه،
Кавагое	کاواگوئه،
Донишгоҳи Миннесуто	دانشگاه مینسوتا
Ҷенерал Моторс	جنرال موتورز
Федератсияи ҷуду	فدراسیون جودو
УЕФА	یوفا
байналмилалии волейбол	بین‌المللی والیبال
футболи Осиё	فوتبال آسیا
футболи Марказӣ	فوتبال مرکزی
байналмилалии варзиши сабук	بین‌المللی فدراسیون‌های
Донишгоҳи Калифорния Берклӣ	دانشگاه کالیفرنیا، برکلی
Китобхонаи Конгресс	کتابخانه کنگره
Низомия	نظامیه
Низомия	نظامیه
олии Стэнфорд	عالی و کار استنفورد
Ҳарвард	و کار هاروارد
Уортон	وارتون
Берлин	برلین
Фуҷи	فوجی،
Нумазу	نومازو،
Ямато	یاماتو،
Ота	اوتا،
Такаразука	تاکارازوکا،
Сока	سوکا،
Какогава	کاکوگاوا،
Токорозауа	توکوروزاوا،
Ёккаичи	یوکایچی،
Кумагая	کوماگایا،
Тсукуба	تسوکوبا،
Яо	یائو،
Одавара	اوداوارا،
Чигасаки	چیگاساکی،
Кишиуада	کیشی‌وادا
Исесаки	ایسه‌ساکی،
Ҳиратсука	هیراتسوکا،
Касукабе	کاسوکابه،
Нагаока	ناگائوکا،
Ибараки	ایباراکی،
Атсуги	آتسوگی،
Ҷоетсу	جوئتسو،
Академияи Нерӯҳои ИМА	آکادمی نیروی هوایی متحده
Муассисаи Порис	علوم سیاسی پاریس
политехникӣ	پلی‌تکنیک
Ландан	لندن
Донишгоҳи Қирғизистон	دانشگاه قرقیزستان
фановарии Массачусетс	فناوری ماساچوست
Донишгоҳи Йел	دانشگاه ییل
байналмилалии табиат	بین‌المللی طبیعت
Созмони Беҳдошт	سازمان بهداشت
Донишгоҳи Принстон	دانشگاه پرینستون
Викидода	ویکی‌داده
Викидода	ویکی‌داده
Викидода	ویکی‌داده
Википедиа	ویکی‌پدیا
бузурги Тоскана	بزرگ توسکانی
Подшоҳии Маҷористон	پادشاهی مجارستان
Коммунистии	کمسومول
РИА Новости	ریانووستی
Садои Амрико	صدای آمریکا
Садои Амрико	صدای آمریکا
Ҳизби коммунистии Тоҷикистон	حزب کمونیست تاجیکستان
Ҳизби Комунистии Ӯзбакистон	حزب کمونیست ازبکستان
Донишгоҳи Ҳейделберг	دانشگاه هایدلبرگ
Донишгоҳи Ҳумбулти Берлин	دانشگاه هومبولت برلین
Донишгоҳи Берлин	دانشگاه برلین
Донишгоҳи Бонн	دانشگاه بن
Донишгоҳи Мюнхен	دانشگاه مونیخ
Донишгоҳи Тубинген	دانشگاه توبینگن
Оли Саъид	آل بوسعید
Суринам	سورینام
Фурудгоҳи гирод мантақа овминту	فرودگاه گراد منطقه اومینتو
Эхинг	اشینگ
Тунинген	تونینگن
Айхвалд	ایچوالد
Лангеог	لانگه‌اگ
Пфронтен	پفرونتن
Поҳнсдорф	پوهنسدورف
Шорндорф	شرندورف
Метсинген	متسینگن
Роттвайл	روتوايل
Швебиш-Гмӯнд	شوابیش گموند
фондии	نزدک
Бурси Тайван	بورس تایوان
мустақил	مستقل
мустақил	مستقل
Бонн	بن
Монҳойм	مانهایم
Дармштадт	دارمشتات
Кассел	کاسل
Нав	نوا
Унторию	انتاریو
Алберта	آلبرتا
Квебек	کبک
Халқи Чин	خلق چین
Донишгоҳи Браун	دانشگاه براون
Донишгоҳи Пенсилвания	دانشگاه پنسیلوانیا
Донишгоҳи Ҳарвард	دانشگاه هاروارد
Донишгоҳи Колумбия	دانشگاه کلمبیا
алавиён	علویان
Моликӣ	مالکی
Азрақия	ازارقه
Наҷдия	نجدات
шиъа	شیعه
суннӣ	سنی
Ваҳҳобия	وهابیت
рӯшонӣ	روشنی
ибозия	اباضیه
хавориҷ	خوارج
муътазила	معتزله
мотуридӣ	ماتریدی
Қаландария	قلندر
Қадария	قدریه
Луя Ҷирга	لویه جرگه
Кумитаи Салиби Сурх	کمیته صلیب سرخ
Салиби Сурх ва Ҳилоли Аҳмар	صلیب سرخ و هلال احمر
Салиби Сурх ва Ҳилоли Аҳмар	صلیب سرخ و هلال احمر
Виктория ва Алберт	ویکتوریا و آلبرت
Донишгоҳи Бристол	دانشگاه بریستول
Интерпол	پلیس
Пекин	پکن
Нонҷинг	نانجینگ
Испания	اسپانیا
Бритониё	بریتانیا
Донишгоҳи Рокфеллер	دانشگاه راکفلر
Академияи ъулум ва ҳунарҳои синамо	آکادمی علوم و هنرهای تصاویر متحرک
Донишгоҳи Қаравййин	دانشگاه قرویین
давлатии байналмилалии Москва	دولتی بین‌المللی مسکو
баптизм	باپتیست
лютеранӣ	لوتریانیسم
масеҳияти шарқӣ	مسیحیت شرقی
котулисизм	کاتولیسیزم
масеҳияти православӣ	مسیحیت ارتدکس
протестантизм	پروتستانتیسم
Шӯрои Олии ИҶШС	شورای عالی شوروی
Тоҷикистон	تاجیکستان
Малӣ	مالی
Лаос	لائوس
Уганда	اوگاندا
Африқои Марказӣ	آفریقای مرکزی
Боливия	بولیوی
Руанда	رواندا
Эфиопия	اتیوپی
Туркманистон	ترکمنستان
Ниҷер	نیجر
Афғонистон	افغانستان
Ботсвана	بوتسوانا
Қирғизистон	قرقیزستان
Замбия	زامبیا
Узбакистон	ازبکستان
Лихтенштейн	لیختن‌اشتاین
Молдова	مولداوی
Андорра	آندورا
Косово	کوزووو
Арманистон	ارمنستان
Непал	نپال
Лесото	لسوتو
Зимбабве	زیمبابوه
Вотикон	واتیکان
Бурунди	بوروندی
Чад	چاد
Озарбойҷон	آذربایجان
Беларус	بلاروس
Қазоқистон	قزاقستان
Осетияи Ҷанубӣ	اوستیای جنوبی
Малави	مالاوی
Муғулистон	مغولستان
Парагвай	پاراگوئه
Судони Ҷанубӣ	سودان جنوبی
Буркина-Фасо	بورکینافاسو
Свазиленд	اسواتینی
Свазиленд	اسواتینی
Каркахент	کارکایکسنت
Валенсия	والنسیا
Аликанте	آلیکانته
Вазорати ИМА	وزارت ایالات متحده
Телевизиони марказии Чин	تلویزیون مرکزی چین
Мақдуния	مقدونیه
Подшоҳии Афғонистон	پادشاهی افغانستان
Қара-Қуюнлӯ	قراقویونلو
Камбоҷа	کامبوج
Лидия	لیدیه
Юнону Бохтар	یونانی باکتریا
Айюбиён	ایوبیان
Айюбиён	ایوبیان
Айюбиён	ایوبیان
Айюбиён	ایوبیان
Айюбиён	ایوبیان
Televisión	تلویزیون
Televisión	تلویزیون
Televisión	تلویزیون
Расадхонаи Улуғбек	رصدخانه الغ‌بیگ
Расадхонаи ахтаршиносии Каподимонте	رصدخانه اخترشناسی کاپودی‌مانته
Расадхонаи ахтаршиносии Каподимонте	رصدخانه اخترشناسی کاپودی‌مانته
Расадхонаи ахтаршиносии Каподимонте	رصدخانه اخترشناسی کاپودی‌مانته
Алегзандрия	الکساندریا،
Вирҷиния-Биш	ویرجینیابیچ
Имперотурии Усмонӣ	امپراتوری عثمانی
Занзибар	زنگبار
Султанати Ғуриён	سلطنت غوریه
Салтанати Деҳлӣ	سلطنت دهلی
Ҷалоириён	جلایریان
Хилофати Умавиён	خلافت اموی
Баҳманӣ	بهمنی‌ها
Бруней	برونئی
Иморати Ғарнота	امارت غرناطه
Салтанати Мамолик	سلطنت مملوک
Умон	عمان
Султонии	عادل‌شاهیان
Масқату Умон	مسقط و عمان
Калисои ортодоксии қибтӣ	کلیسای ارتدکس قبطی
Калисои ортодоксии Эфиопия	کلیسای ارتودوکس اتیوپی
Калисои сурёнӣ	کلیسای سریانی
Дудмони Сунг	دودمان سونگ
Тонг	تانگ
Бостон Ред Сокс	بوستون رد ساکس
Куриёи Шимолӣ	کره شمالی
Филиппин	فیلیپین
Баҳамас	باهاما
Давлати	داعش
Муваҳҳидун	موحدون
Хилофати Аббосиён	خلافت عباسیان
Хилофати Араб	خلافت عربی
Вишнуия	ویشنوپرستی
Вишнуия	ویشنوپرستی
Сан-Диего	سن دیه‌گو،
Аламида	آلامدا
Империал	ایمپریال
шаҳристони Сунумо	شهرستان سونوما
шаҳристони Санта-Клара	شهرستان سانتا کلارا
шаҳристони Уренҷ	شهرستان اورنج،
шаҳристони Фресну	شهرستان فرسنو
Шаҳристони Лос-Анҷелес	شهرستان لس‌آنجلس،
Риверсайд	ریورساید،
Лиссабон	لیسبون
Фуншал	فونچال
Пасадина	پاسادینا،
Палм-Спрингс	پالم اسپرینگز
Будапешт	بوداپست
Секешфеҳервор	سیکشفهروار
ҳуқуқи Колумбия	حقوق کلمبیا
Мадрасаи Кӯкалтош	مدرسه کوکلداش
Мадрасаи Бағдод	مدرسه مستنصریه
Мадрасаи Тиллокорӣ	مدرسه طلاکاری
Мадрасаи Абдулазизхон	مدرسه عبدالعزیزخان
Мадрасаи Кӯкалтош	مدرسه کوکلداش
Мадрасаи Девонбегӣ	مدرسه دیوان‌بیگی
Мадрасаи Улуғбек	مدرسه الغ‌بیگ
Мадрасаи Шердор	مدرسه شیردار
Мадрасаи Мири Араб	مدرسه میرعرب
Низомия	نظامیه
Мадрасаи	منار
Мадрасаи Салимия	مدرسه سلیمیه
Мадрасаи Салимия	مدرسه سلیمیه
Мадрасаи Салимия	مدرسه سلیمیه
Барлос	برلاس
Сафавиён	صفوی
Ансор	انصار
Лахмиён	لخمیان
Ҳунн	هون
қунғурот	قنقرات
Манғит	منغیت
Аъроби Хамси	عرب خمسه
Лҳаса	لهاسا
Нижний Новгород	نیژنی نووگورود
Брюссел	بروکسل
Любек	لوبک
Монако	موناکو
Афина	آتن
Афинаи Қадим	آتن باستان
Аомин	ماکائو
Сур	صور
Гонконг	هنگ کنگ
Вена	وین
Ҳамбург	هامبورگ
Бремен	برمن
Кремуно	کرمونا
Иттиҳоди Шӯравӣ	اتحاد شوروی
Астекҳо	آزتک
Мерсер	مرسر،
Сомерсет	سامرست،
Шиъа имомӣ	شیعه دوازده‌امامی
Юнитариан	یونیتارین
тҳеравада	تراوالدا
исмоилиён	اسماعیلیه
Ахбориён	اخباری‌گری
карматӣ	قرمطیان
Калисои ортодоксии румӣ	کلیسای ارتدکس یونانی
Багратиҳои	باگراتونی
хонадони Испаҳбудон	خاندان اسپهبد
хонадони Корин	خاندان کارن
хонадони Меҳрон	خاندان مهران
Хонадони Сурен	خاندان سورن
Хонадони Сосон	خاندان ساسان
Аргентина	آرژانتین
Иёлоти Попӣ	ایالات پاپی
Лимбург	لیمبورخ
Ҳоланди Ҷанубӣ	هلند جنوبی
Оверэйсел	افریسل
Брабант	برابانت
Утрехт	اوترخت
Шимоли	شمالی
Дренте	درنته
Гелдерланд	خلدرلاند
Зеландия	زیلاند
Бонки байналмилалӣ	بانک بین‌المللی
Сандуқи байналмилалии пул	صندوق بین‌المللی پول
Бонки ҷаҳонӣ	بانک جهانی
молӣ	مالی
Аахен	آخن
Фраибург	فرایبورگ
Ҳаннофер	هانوفر
Трир	تری‌یر
Корлсруҳе	کارلسروهه
Айзенберг	آیزنبرگ
Пайне	پاینه
Ҳомбург	همبورگ
Марбург	ماربورگ
Минден	میندن
Аугсбург	آوگسبورگ
Нойбург-ан-дер-Донау	نویبورگ آن در
Гуто	گوتا
Улм	اولم
аъзои Созмони Миллали Муттаҳид	عضو سازمان ملل متحد
Реутов	رئوتوف
Новолялинский	نوویالینسکی
Артинский	آرتینسکی
Сухоложский	سوخولوژسکی
Красноуфимский	کراسنواوفیمسکی
Пишминский	پیشمینسکی
Мурманск	مورمانسک
Ачитский	آچیتسکی
Режевской	رژفسکی
Ирбитский	ایربیتسکی
Ноҳияи Каменский	ناحیه کمینسکی
Артёмовский	آرتیوموفسکی
Псков	پسکوف
Туринский	تورینسکی
Тугулимский	توگولیمسکی
Талиский	تالیتسکی
Богдановичский	بوگدانوویچسکی
Верхотур	ورختورسکی
Верхнесалдинский	ورخنسالدینسکی
Твер	تور
Апатити	آپاتیتی
Таганрог	تاگانروگ
Донишгоҳи Лейпзиг	دانشگاه لایپزیگ
Ҷорҷия	فناوری
Британия	بریتانیا
Береа	بره‌آ
Сибуя	شیبویا،
Сингава	شیناگاوا،
Ханой	هانوی
Ҳошимин	هوشی‌مین
Ҳалифакс	هالیفاکس
и Стругацкие	و استروگاسکی
Вазорати адлияи Ҷумҳурии	وزارت دادگستری
Муқовамати Панҷшер	مقاومت پنجشیر
Муқовамати Панҷшер	مقاومت پنجشیر
Муқовамати Панҷшер	مقاومت پنجشیر
Садои	دویچه وله
Садои	دویچه وله
Радиои Озодӣ	رادیو آزاد
Китобхонаи Искандария	کتابخانه اسکندریه
Китобхонаи Бритониё	کتابخانه بریتانیا
Мир	میر
Истгоҳи байналмилалии	ایستگاه بین‌المللی
Капускейсинг	کپوسکسینگ
Оттава	اتاوا
Виндзур	ویندزور
Виндзур	ویندزور
Комптон	پرتوی گامای کامپتون
Чандра	چاندرا
Телескопи Уэбб»	تلسکوپ وب
телескопи Ҳаббл	تلسکوپ هابل
Лампсак	لامپساکوس
Искандария	اسکندریه
Сорд	سارد
Клазомен	کلازومن
Милет	ملط
Кима	سایم
Мангалия	منگلیا
Стагир	استاگیرا
Ҳоликорнос	هالیکارناس
Сиде	سیده
Пелла	پلا
Мессина	مسینا
Лорисо	لاریسا
Лорисо	لاریسا
Роскосмос	سازمان
Пикскилл,Ню-Йорк	پیکس کیل، نیویورک
Ватертаун,Ню-Йорк	واترتاون، نیویورک
Ютика,Ню-Йорк	یوتیکا، نیویورک
Шинетади,Ню-Йорк	سکنکتدی، نیویورک
Трай,Ню-Йорк	تروی، نیویورک
Ботовиёо,Ню-Йорк	باتاویا، نیویورک
Рой,Ню-Йорк	نیویورک
Йонкерс	یانکرز
Курнинг,Ню-Йорк	کورنینگ، نیویورک
Конондиагоу,Ню-Йорк	کاناندی گوا، نیویورک
Итако,Ню-Йорк	ایتاکا، نیویورک
Норвич,Ню-Йорк	نوریچ، نیویورک
Вайт Плейнс	وایت پلاینز،
Буфало,Ню-Йорк	بوفالو، نیویورک
Биакун,Ню-Йорк	بیکون، نیویورک
Динкирк,Ню-Йорк	دانکیرک، نیویورک
Куртленд,Ню-Йорк	کورتلند، نیویورک
Илмиро,Ню-Йорк	المیرا، نیویورک
Аубурн,Ню-Йорк	آبورن، نیویورک
Глин Кав,Ню-Йорк	گلن نیویورک
ЉинивоНю-Йорк	ژنوا، نیویورک
Поугкипси,Ню-Йорк	پوگکیپسی، نیویورک
Шеррил,Ню-Йорк	شریل، نیویورک
Бингњамтон,Ню-Йорк	بینگهمتون، نیویورک
Саратого Спрингз,Ню-Йорк	ساراتوگا اسپرینگز، نیویورک
Саламанко,Ню-Йорк	سالامانکا، نیویورک
Лонг Бич,Ню-Йорк	لانگ بیچ، نیویورک
Ватервлейт,Ню-Йорк	واترویت، نیویورک
Куҳус	کوهس،
Тоновиндо,Ню-Йорк	تاناوندا، نیویورک
Тоновиндо,Ню-Йорк	تاناوندا، نیویورک
Тоновиндо,Ню-Йорк	تاناوندا، نیویورک
Загреб	زاگرب
Пула	پولا
Сплит	اسپلیت
Супетар	سوپتار
Чокуветс	چاکوتس
Гуспич	گسپیچ
Дерма	درما،
Фалмус	فالموت،
Чатам	چتم،
Идинтун	ادنتون،
Смирно	اسمرنا،
Уилтон	ویلتون،
Роксберӣ	راکسبری،
Нюмаркет	نیومارکت
Ҳорикон	هوریکون،
Дюсселдорф	دوسلدورف
Дакар	داکار
Августов	اوگوستوو
Ал-Ҷазира	الجزیره
Садо ва симои Ҷумҳурии Исломӣ	صدا و سیمای جمهوری ایران
Онтверп	آنتورپ
Бандар-Сери-Бегаван	بندر سری بگاوان
Гиресун	گره‌سون
Қарабуйук	قره‌بوک
Килис	کیلیس
Тарсус	طرسوس
Чаноққалъа	چاناق‌قلعه
Усмония	عثمانیه
Кастамону	قسطمونی
Амася	آماسیه
Муш	موش
Агри	آغری
Қаромон	قرامان
Елазиғ	الازیغ
Ширнак	شرناق
Артвин	آرتوین
Аҷипаям	اجی‌پیام
Риза	ریزه
Қиршаҳр	قرشهر
Кишинёв	کیشیناو
Қорс	قارص
Бартин	بارتین
Кемар	کمر
Битлис	بتلیس
Бурдур	بوردور
Синоп	سینوپ
Манавгат	ماناوغات
Бингёл	بینگول
Афионқараҳисор	افیون قره‌حصار
Ёлуво	یالوا
Зонгулдак	زونگولداغ
Тунҷели	تونج‌ایلی
Дузҷе	دوزجه
Кӯтоҳия	کوتاهیه
Катманду	کاتماندو
Чорум	چوروم
Йузғот	یوزگات
Адирна	ادرنه
Билеҷик	بیله‌جک
Тукот	توقات
Олониё	آلانیا
Урла	اورلا
Гумушхона	گوموش‌خانه
Байбурт	بایبورت
Болу	بولو
Навшаҳр	نوشهر
Гебзе	گبزه
Иғдир	ایغدیر
Ниғде	نیغده
Арзанҷон	ارزنجان
Испарта	اسپارتا
Ҳебрун	الخلیل
Ушок	عشاق
Ардаҳон	اردهان
Қирқларэлӣ	قرقلرایلی
ЮНИСЕФ	یونیسف
Толибон	طالبان
Исо	عیسی
Ихвону-л-муслимин	اخوان‌المسلمین
Ҳамос	حماس
донишгоҳии Лондон	دانشگاهی لندن
Дӯкнишини Бробонт	دوک‌نشین برابانت
Дӯкнишини Вӯртемберг	دوک‌نشین وورتمبرگ
Флоренсия	فلورانس
амнияти Русия	امنیت روسیه
тоҷир	خوداشتغال
Мақбараи Уршалим	مقبره اورشلیم
НКВД	در
Брукингс	بروکینگز
Эътилофи Шимолӣ	ائتلاف شمال
саворанизом	سواره‌نظام
Абхозистон	آبخاز
Сербӣ	صرب
Ҷумҳурии Қарабоғи	جمهوری آرتساخ
Тотористон	تاتارستان
Иморати Исломии Афғонистон	امارت اسلامی افغانستان
Демократии Гурҷистон	دموکراتیک گرجستان
Бангкок	بانکوک
Феррари	فراری
Қафқозӣ	قفقاز
Мешон	میشان
Абаршаҳр	ابرشهر
Ошӯристон	آشورستان
Порс	پارس
Арманистони Сосонӣ	ارمنستان ایران
Кушоншаҳр	کوشانشهر
Гиркания	جرجان
Бунёди Темплтон	بنیاد تمپلتون
Викимедиаи	ویکی‌مدیا
Викимедиаи	ویکی‌مدیا
Озмоишгоҳҳои Белл	آزمایشگاه‌های بل
Шӯрои Амнияти Созмони Милали Муттаҳид	شورای امنیت سازمان ملل متحد
Созмони Милали Муттаҳид	سازمان ملل متحد
ЮНЕСКО	یونسکو
Донишгоҳи Калифорнияи Ҷанубӣ	دانشگاه کالیفرنیای جنوبی
Донишгоҳи Соутҳамптон	دانشگاه ساوت‌همپتون
Донишгоҳи Стэнфорд	دانشگاه استنفورد
Донишгоҳи Ню-Йорк	دانشگاه نیویورک
Донишгоҳи Сирокюз	دانشگاه سیراکیوز
Донишгоҳи Ҷорҷтаун	دانشگاه جورج‌تاون
Донишгоҳи Корнелл	دانشگاه کرنل
Донишгоҳи Чикаго	دانشگاه شیکاگو
Донишгоҳи Черновисӣ	دانشگاه چرنیوتسی
Палермо	پالرمو
Фиорентина	فیورنتینا
Милан	فوتبال آ.ث. میلان
Ювентус	یوونتوس
Реймс	فوتبال استاد رنس
Бавария	فوتبال بایرن
Манчестер Юнайтед	فوتبال منچستر یونایتد
Рум	آ. اس. رم
Аталанта	آتالانتا
Барселона	بارسلونا
Олимпик Лион	فوتبال المپیک لیون
Табор	تابور
Хомутов	خموتو
Тршебич	ترژبیچ
Ческе-Будейовитсе	چسکه بودیوویتسه
Яблонетс	یابلنتس
Трутнов	تروتنو
Нови-Йичин	نوی ییچین
Млада-Болеслав	ملادا بلسلاو
Пршибрам	پرژیبرام
Шумперк	شومپرک
Йиглава	ییهلاوا
Карвина	کاروینا
Катловӣ	کلاتوی
Плзен	پلزن
Карлови Вари	کارلووی واری
Брно	برنو
Мелник	ملنیک
Млада Вожиче	ملادا ووژیتسه
Пардубитсе	پاردوبیتسه
Острава	استراوا
Теплитсе	تپلیتسه
Либеретс	لیبرتس
Бенешов	بنشوو
Франтишкови-Лазне	فرانتیشکووی لازنی
Соколов	سکلو
Градетс-Кралове	هرادتس کرالووه
Годонин	هدنین
Крнов	کرنو
Уҳерски-Брод	اوهرسکی برود
Мост	موست
Фулнек	فولنک
Страконитсе	ستراکنیتسه
Опава	اوپاوا
Усти-над-Лабем	اوستی ناد لابم
Всетин	وستین
Пршибислав	پریبیسلاو
Оломоутс	اولوموتس
Дечин	دییچین
Раковник	راکوونیک
НБА	بسکتبال
Лигаи бартари бейсболи Амрико	لیگ برتر بیسبال آمریکا
оид ба футбол	لا
Лигаи олии Тоҷикистон	لیگ عالی تاجیکستان
Википедиа:Моҳи Осиёии Википедиа	ویکی‌پدیا:ماه آسیایی ویکی‌پدیا
Эмилиё-Румонё	امیلیا-رومانیا
Калабрия	کالابریا
Лумбордӣ	لمباردی
Тусконӣ	توسکانی
Латсио	لاتزیو
Апулия	آپولیا
Абрутси	ابروتزو
Базиликата	باسیلیکاتا
Лигуриё	لیگوریا
Байда	بیضا
Куфраҳ	کفره
Яфран	یفرن
Бенғази	بنغازی
Сурт	سرت
Таробулус-ал-Ғарб	طرابلس
Сабҳа	سبها
Сабҳа	سبها
Сабҳа	سبها
Сабҳа	سبها
Сабҳа	سبها
Сабҳа	سبها
Сабҳа	سبها
Сабҳа	سبها
НТВ	ان‌تی‌وی
Тулӯъ	طلوع
Ман ва ту	من و تو
Ман ва ту	من و تو
Байналмилалии	بین‌المللی
Байналмилалии	بین‌المللی
Байналмилалии	بین‌المللی
Телевизиони Тоҷикистон	تلویزیون تاجیکستان
Телевизиони Тоҷикистон	تلویزیون تاجیکستان
Телевизиони Тоҷикистон	تلویزیون تاجیکستان
Телевизиони Тоҷикистон	تلویزیون تاجیکستان
Яндекс	یاندکس
Яндекс	یاندکس
Донишгоҳи иёлатии Ҷексон	دانشگاه ایالتی جکسون
донишгоҳҳои Амрико	دانشگاه‌های آمریکایی
Фарҳангистони забон ва адаби форсӣ	فرهنگستان زبان و ادب فارسی
Донишгоҳи Гунди Шопур	دانشگاه گندی‌شاپور
Донишгоҳи Гунди Шопур	دانشگاه گندی‌شاپور
Донишгоҳи Гунди Шопур	دانشگاه گندی‌شاپور
Донишгоҳи Гунди Шопур	دانشگاه گندی‌شاپور
Бунёди Викимедиа	بنیاد ویکی‌مدیا
Бунёди Викимедиа	بنیاد ویکی‌مدیا
Ассошиэйтед Пресс	آسوشیتد پرس
Ассошиэйтед Пресс	آسوشیتد پرس
Гёте	گوته
Смитсон	اسمیتسونین
Смитсон	اسمیتسونین
Смитсон	اسمیتسونین
Аморати Бухоро	امارت بخارا
Тунис Фаронса	تونس فرانسه
Богемия ва Моравия	بوهم و موراویا
Калисои Русия	کلیسای روسی
Калисои ортодоксии Лаҳистон	کلیسای ارتدکس لهستان
Калисои Руминия	کلیسای رومانی
Калисои ортодоксии Булғористон	کلیسای ارتدکس بلغارستان
Афшориён	افشاریان
Шайбониён	شیبانیان
Қутбшоҳиён	قطب‌شاهیان
Пешдодиён	پیشدادیان
Ҳошим	هاشمی
дудмони Темурӣ	دودمان تیمور
хонадони Усмонӣ	خاندان عثمانی
Атобакони Форс	اتابکان فارس
Атобакони Озарбойҷон	اتابکان آذربایجان
Дудмони Ашконӣ	دودمان اشکانی
Аштархониён	جانیان
Зангиён	زنگیان
Сомониён	سامانیان
Зиёриён	زیاریان
Африғиён	آفریغیان
Ғуриён	غوریان
Мариниён	مرینیان
Меҳрониён	مهرانیان
Салҷуқиён	سلجوق
Каёниён	کیانیان
таърихи Чин	دودمان‌های تاریخ چین
Ғазнавиён	غزنویان
Ҳахоманишиён	هخامنشیان
Бувайҳиён	بویه
Ҳафсиён	حفصیان
Қоҷориён	قاجاریان
Соҷиён	ساجیان
Муробитун	مرابطان
Алӣ	علی
Тӯлӯниён	طولونیان
Бонапартиён	بناپارت
Тоҳириён	طاهریان
Саффориён	صفاریان
Хоразмшоҳиён	خوارزمشاهیان
Боракзай	بارکزایی
Уқайлиён	عقیلیان
Дудмони Паҳлавӣ	دودمان پهلوی
Курт	کرتیان
Бовандиён	باوندیان
Антонинҳо	آنتونی نروایی
Дукнишини бузурги Финландия	دوک‌نشین بزرگ فنلاند
Фарҳангистони улуми Фаронса	فرهنگستان علوم فرانسه
Донишгоҳи Пизо	دانشگاه پیزا
Донишгоҳи Флуренс	دانشگاه فلورانس
озмоишгоҳи Ковендиш	آزمایشگاه کاوندیش
Байтулҳикма	بیت‌الحکمه
Википедиа:Лоиҳа:Ҷуғрофия	ویکی‌پدیا:ویکی‌پروژه جغرافیا
Википедиа:Феҳристи мақолаҳои муҳим	ویکی‌پدیا:مقاله‌های حیاتی
Википедиа:Лоиҳа:Ҳавонавардӣ	ویکی‌پدیا:ویکی‌پروژه هوانوردی
Лоиҳа:Забоншиносӣ	زبان‌شناسی
Википедиа:Тамизкорӣ	ویکی‌پدیا:تمیزکاری
Википедиа:Лоиҳа:Эрон	ویکی‌پدیا:پروژه ایران
Силезӣ	سیلزیایی
Википедиа:Лоиҳа:Русия	ویکی‌پدیا:ویکی‌پروژه روسیه
Википедиа:Лоиҳа:Тоҷикистон	ویکی‌پدیا:ویکی‌پروژه تاجیکستان
Лоиҳа:Футбол	فوتبال
Википедиа:Лоиҳа:Итолиё	ویکی‌پدیا:ویکی‌پروژه ایتالیا
Википедиа:Лоиҳа:Итолиё	ویکی‌پدیا:ویکی‌پروژه ایتالیا
Википедиа:Лоиҳа:Итолиё	ویکی‌پدیا:ویکی‌پروژه ایتالیا
Википедиа:Лоиҳа:Итолиё	ویکی‌پدیا:ویکی‌پروژه ایتالیا
Википедиа:Лоиҳа:Итолиё	ویکی‌پدیا:ویکی‌پروژه ایتالیا
Дижи Вавел	دژ واول
давлатии таърихи Русия	دولتی تاریخ روسیه
Тайм	تایم
Окнеле-Мари	اوکنله مر
Сирет	سیره
Кэлимэтешти-Кэчулата	کلیمانشت-کچولت
Бабадаг	ببدر
Хиршова	هرشوا
Негрешти-Оаш	نگرشتی-اوآش
Дрэгэнешти-Олт	درگنشت-اول
Бэлан	به‌له
Миовени	میوه
Мизил	میزیل
Комэнешти	کومانشت
Чеху-Силванией	سیلوانیه
Копша-Микэ	کوپشا میکا
Бэиле-Олэнешти	بیله اولانشت
Пятра-Олт	پیاترا اول
Окна-Сибиулуй	اوکنا سیبیلو
Урикани	اوریکن
Беклян	بکلئه
Абруд	ابرو
Штей	شته
Исакча	ایساکچه
Хирлэу	هرلئو
Бэиле-Говора	بیله گوورا
Бая-де-Арамэ	بیه ده ارم
Влэхитса	ولاهیتس
Бухуши	بوهوش
Текиргёл	تکیرگیول
Нэводари	نوودر
Молдова-Ноуэ	مولدوا نوئه
Ынсуратсей	اینسوهتسی
Куҷир	کوجی
Синниколау-Маре	سننیکولئو مره
Стрехая	سترهیا
Одобешти	اودوبش
Думбрэвени	دومبروه
Кавник	کوونیک
Тэлмачиу	تلمچی
Вишеу-де-Сус	وشئو ده سوس
Хатсег	هتسه
Окна-Муреш	اوکنه مورش
Йернут	یرنو
Анина	انینا
Борсек	بورسه
Сеини	سئی
Тсиклени	سیکلن
Отселу-Рошу	اوتسلو روشو
Зэрнешти	زرنشت
Сегарча	سگارچه
Себиш	سبیش
Бокша	بوکشه
Нехою	نهوی
Гэешти	گائشت
Тиргу-Лэпуш	ترگو لپو
Златна	زلاتنا
Пучиоаса	پوچوآسا
Филиаши	فیلیش
Балш	بلش
Тиргу-Нямтс	ترگو نئم
Бряза	برئزه
Чиснэдие	چیسنادیه
Сулина	سولینا
Слэник	سلانی
Симерия	سیمریا
Мэчин	مچین
Бумбешти-Жиу	بومش-ژیو
Фэурей	فاوره
Кишинеу-Криш	کیشینئو-کری
Совата	سوت
Болдешти-Скэени	بولدشت-سکئه
Хуедин	هوئدی
Фиени	فیه
Инеу	اینئو
Костешти	کوستش
Фундуля	فوندوله
Ефорие	افوریه
Борша	بورشه
Аниноаса	انینوآزا
Липова	لیپوه،
Погоанеле	پوگانل
Ковасна	کووزه
Кэлан	کلن
Вэлений-де-Мунте	ولنی ده مونته
Авриг	اوری
Винжу-Маре	ونجو مره
Михэйлешти	میهایلشت
Тиргу-Кэрбунешти	ترگو کربونشت
Синая	سینایا
Пинкота	پنکوتا
Ынтросура-Бузэулуй	اینتورسورا بوزئولو
Слэник-Молдова	سلانیک مولدووا
Будешти	بودش
Титу	تیتو
Валя-луй-Михай	وله لویی میهی
Петрила	پتریلا
Тиргу-Бужор	ترگو بوژور
Новачи	نوا
Овидиу	اویدو
Нучет	نوچه
Кристуру-Секуеск	کریستورو سکوئیسک
Ровинари	رووینر
Ҷеоаҷу	جئوآجیو
Вашкэу	وشکو
Рупя	روپه
Дета	دتا
Ришнов	رشنو
Янка	ینکه
Жимболия	جیمبولیا
Сэвени	سوه
Жибоу	ژیبو
Бая-Сприе	بیه سپیره
Кимпени	کمپه
Куртичи	کورتیچ
Хорезу	هورزو
Чернавода	چرنودا
Корабия	کوربیا
Тисмана	تیسمانا
Агнита	اگنیت
Нэдлак	ندله
Плопени	پلوپن
Тиргу-Окна	ترگو اوکنا
Виделе	ویدله
Скорничешти	سکورنیچشت
Тополовени	توپولوون
Лехлиу-Гарэ	لهلی گره
Урлатси	اورلتس
Берешти	برشت
Дарабани	دربن
Синҷеорз-Бэй	سنجئورز-بیه
Виктория	ویکتوریا
Дэрмэнешти	دارمانشت
Лудуш	لودو
Бэйкой	بیکوی
Оравитса	اورویتسا
Азуга	ازوگا
Биказ	بیکاز
Предял	پردا
Тиргу-Фрумос	ترگو فروموش
Негрешти	نگرشت
Солка	سولکا
Комарник	کومرنی
Бэиле-Херкулане	بیله هرکولانه
Гура-Хуморулуй	گورا هومورول
Алешд	الشد
Бараолт	برئول
Болинтин-Вале	بولینتین-وله
Тэшнад	تشه
Паничиу	پنچی
Отопени	اوتوپه
Шимлеу-Силванией	شیملئو سیلوانیه
Бемористони Ибни Сино	بیمارستان ابن سینا
Марказ дармон бемористон вли	مرکز درمانی بیمارستان ولی
Марказ пизишк мридин порк	مرکز پزشکی مریدین پارک
Болгрдгоҳ марказ бемористон донишгоҳ остнфурд	بالگردگاه مرکز بیمارستان دانشگاه استنفورد
донишгоҳи Невадаи Ҷанубӣ	دانشگاه مرکز نوادای جنوبی
Ҳанза	هانزا
қурайшӣ	قریش
Кунфедересиюни Олмон	کنفدراسیون آلمان
Ҳизб-ут-Таҳрир	حزب التحریر
Шабакаи Ҳаққонӣ	شبکه حقانی
Донишгоҳии Итон	دانشگاه آیتون
Ҳомилтун	همیلتون
артиш	نیروی
артиш	نیروی
артиш	نیروی
артиш	نیروی
Прадо	پرادو
Тоҷикистон	تاجیکستان
Лахденпохя	لاخدنپوخیا
Фурудгоҳи громув	فرودگاه گراموو
Каменногорск	کامنوگورسک
Сортавала	سورتاوالا
Приозерск	پریوزرسک
Кёто	کیوتو
Ҳирошима	هیروشیما
Кавасаки	کاواساکی،
Саитама	سایتاما
Кумамото	کوماموتو
Чиба	چیبا
Ниигата	نیگاتا
Китакюшу	کیتاکیوشو،
Нагоя	ناگویا،
Сендаи	سندای
Саппоро	ساپورو
Сакаи	ساکایی
Осака	اوساکا
Фукуока	فوکوئوکا
Окаяма	اوکایاما
Кобе	کوبه
Ёкоҳама	یوکوهاما
НАСА	ناسا
Еврокосмос	سازمان
Еврокосмос	سازمان
Идораи	سیا
Идораи	سیا
Идораи	سیا
Идораи	سیا
Идораи	سیا
Идораи	سیا
Идораи	سیا
Идораи	سیا
Идораи	سیا
Идораи	سیا
Идораи	سیا
Идораи	سیا
Идораи	سیا
Идораи	سیا
Идораи	سیا
Мосфилм	موس‌فیلم
Мосфилм	موس‌فیلم
Мосфилм	موس‌فیلم
Мелнитса	ملنیتسا
Мелнитса	ملنیتسا
Маланже	مالانژه،
Донишгоҳи Ҳолле-Виттенберг	دانشگاه هاله
Донишгоҳи Зюрих	دانشگاه زوریخ
Донишгоҳи Лозанна	دانشگاه لوزان
Донишгоҳи Йено	دانشگاه ینا
Донишгоҳи Невшотил	دانشگاه نوشاتل
Донишгоҳи Марбург	دانشگاه ماربورگ
Донишгоҳи Фрайбург	دانشگاه فرایبورگ
Донишгоҳи Берн	دانشگاه برن
Донишгоҳи Гётеи Франкфурт	دانشگاه گوته فرانکفورت
Донишгоҳи Эрланген-Нурнберг	دانشگاه ارلانگن-نورنبرگ
Донишгоҳи Гёттинген	دانشگاه گوتینگن
Донишгоҳи Базел	دانشگاه basel
Артиши озодибахши Рус	ارتش آزادی‌بخش روسیه
Артиши озодибахши Рус	ارتش آزادی‌بخش روسیه
ордени Ғалаба	نشان پیروزی
Сурх	سرخ
Ситораи Сурх	ستاره سرخ
Вазорати мудофиаи Тоҷикистон	وزارت مدافعه تاجیکستان
Тулӯъи тилоӣ	طلوع طلایی
Фаронса	فرانسه
Албания	آلبانی
Укройн	اوکراین
Хорватия	کرواسی
Украина	سوسیالیستی اوکراین
Булғористон	بلغارستان
Гурҷистон	گرجستان
Олмон	آلمان
Рифенсберг	رایفنسبرگ
Дорен	دورن
Ҳиттизау	هیتیسو
Лорюнс	لورونس
Дамюлс	دامولس
Далас	دالاس
Иннербратс	اینربراتس
Раггал	راگال
Гашурн	گاشورن
Варт	وارت
Ҳёхст	هوخست،
Ланген-бай-Брегентс	لانگن بای برگنس
Крумбах	کرومباخ
Бартоломеберг	بارتولومابرگ
Айхенберг	آیشنبرگ،
Албершвенде	البرس‌چواند
Блудеш	بلودش
Санкт-Антон-им-Монтафон	آنتون ایم مونتافون
Фонтанелла	فونتانلا،
Гайсау	گایسو
Санкт-Геролд	زانکت گرولد
Бух	بوش،
Шталлер	استالر
Тюрингерберг	تورینگربرگ
Анделсбух	اندلزبوچ
Ау	او
Клёстерле	کلوسترل،
Санкт-Галленкирх	زانکت گالانکیرچ
Миттелберг	میتلبرگ
Меллау	ملو
Зибратсгфелл	زیبراتسگ فال
Лингенау	لینگنو
Ройте	روته
Нютсидерс	نوتسیدرس
Бюрзерберг	بورسربرگ
Билдштайн	بیلدشتاین
Зоннтаг	زونتاگ،
Лохау	لخو
Лангенегг	لانگنگ
Гисҳӯбл	گایس‌هوبل
Блонс	بلونس
Зилбертал	سیلبرتال
Фанданс	وندنس
Шнепфау	شنفو
Шоппернау	شوپرنو
Зултсберг	زلتسبرگ،
Швартсенберг	شوارتسنبرگ،
Бранд	برند
Мёггерс	موگرس
Битсау	بیتساو
Фусах	فوساخ
Бюрс	بورس
Лудеш	لودش
Лех	لش
Тюринген	تورینگن،
Тюринген	تورینگن،
Иронгом	ایران‌گام
Иронгом	ایران‌گام
Мелодия	ملودیا
Мелодия	ملودیا
Фурудгоҳи рулонд гиру	فرودگاه رولاند گرو
Фурудгоҳи мунплиҳ мдитронҳ	فرودگاه مونپلیه مدیترانه
Фурудгоҳи мунплиҳ мдитронҳ	فرودگاه مونپلیه مدیترانه
Қаҳрамони Русия	قهرمان روسیه
Қаҳрамони Шӯравӣ	قهرمان شوروی
Кумитаи Тоҷикистон	کمیته تاجیکستان
Револют	ریوالوت
Револют	ریوالوت
Викуня	ویکونیا
Алгарробо	الگارابو،
Консерваторияи давлатии Москва	کنسرواتوار دولتی مسکو
Белоярский	بلویارسکی
Керч	کرچ
Арнсберг	آرنسبرگ
Арнсберг	آرنسبرگ
Арнсберг	آرنسبرگ
Арнсберг	آرنسبرگ
Арнсберг	آرنسبرگ
Арнсберг	آرنسبرگ
Окучи	اوکوچی،
Маебару	مائه‌بارو
Мизусава	میزوساوا،
Есаши	اساشی،
Ёкаичиба	یوکای‌چیبا،
Ҳисаи	هیسای
Ҳатогая	هاتوگایا،
хизматҳо	از جمهوری ایتالیا
«Барои хизматҳои баҳрӣ»	افتخار
Гватемала	گواتمالاسیتی
Ҳоланди Ҳобсбург	هلند هابسبورگ
Радклифф	رادکلیف
Йел	یل
Колумбия	کلمبیا
Ҳарвард	هاروارد
Донишгоҳи Дерби	دانشگاه داربی
Дарҷилинг	دارجلینگ
Конгресси Амрико	کنگره آمریکا
Шӯрои Олии Шӯравӣ	شورای عالی شوروی
Олии Тоҷикистон	عالی تاجیکستان
Аморати Афғонистон	امارت افغانستان
Шаммар	شمر
Қатар	قطر
Иморати Қуртуба	امارت قرطبه
Донишгоҳи Ёрк	دانشگاه یورک
Донишгоҳи Ёрк	دانشگاه یورک
Былина	بیلینا
Былина	بیلینا
Былина	بیلینا
Былина	بیلینا
Былина	بیلینا
Былина	بیلینا
Былина	بیلینا
Былина	بیلینا
Былина	بیلینا
Донишгоҳи Шероз	دانشگاه شیراز
Донишгоҳи Ирон	دانشگاه ایران
Хабаргузории Форс	خبرگزاری فارس
Рейтер	رویترز
Ховар	خاور
Ховар	خاور
Ленин	لنین
Гули Довудӣ	گل داودی
ордени Сурхи Меҳнат	نشان سرخ کار
Лаҳистон	افتخار تولد لهستان
Пирогов	پیروگوف
«Нишони Фахрӣ»	نشان افتخار
Инқилоби Октябр	انقلاب اکتبر
Ордени Шараф	افتخار فدراسیون روسیه
Александр Невский	الکساندر نوسکی
Кондори Анд	کندور آند
Уқоби сафед	عقاب سپید
Се Ситора	سه ستاره
салтанатии	سلطنتی
Пашми тиллоӣ	پشم زرین
КАМАЗ	کاماز
КАМАЗ	کاماز
Заводи	گاز
Татра	تاترا
Оли Муҳтоҷ	آل محتاج
Оли Муҳтоҷ	آل محتاج
Имперотурии Олмон	امپراتوری آلمان
Дания	دانمارک
Подшоҳии Фаронса	پادشاهی فرانسه
Подшоҳии Итолиё	پادشاهی ایتالیا
Подшоҳии Кабир ва Ирланд	پادشاهی کبیر و ایرلند
Мартиники	مارتینیک
Гваделупа	گوادلوپ
демократи масеҳии Олмон	دموکرات مسیحی آلمان
Белиз	بلیز
Вадутс	فادوتس
Гаага	لاهه
Утрехт	اوترخت
Дордрехт	دوردرخت
Лейден	لیدن
Делфт	دلفت
Саксонӣ	ساکسونی
Весталкаҳо	وستال
Суҳравардия	سهروردیه
Суҳравардия	سهروردیه
Вийярреал	ویارئال
Валенсия	والنسیا
Севийя	سویا
Байер	بایر
Байер	بایر
Фурудгоҳи оириш пршут клоб	فرودگاه آیریش پرشوت کلاب
Пойгоҳи ҳавоӣ ровнтс	پایگاه هوایی راونتس
Юнони Ғарбӣ	یونان غربی
Мақдунияи Марказӣ	مقدونیه مرکزی
Сипоҳи посдорони Исломии	سپاه پاسداران اسلامی
Ремс-Мур	رمس-مور
Рейн-Эрфт	راين-ارفت-كرايس
Тулайтула	تولدو،
Палма де Малйорка	پالما د مایورکا
Фуэндетудус	فوئندتدس
Молого	مالاگا
Ғарнота	گرانادا
Алкала-де-Энарес	الکالا د هنارس
Валядолид	والادولید
Мелила	ملیلیه
Қуртуба	کوردوبا
Лас Палмас	لاس پالماس
Севиля	سبیا
Алмазан	آلماسان
Мерида	مریدا
Мадрид	مادرید
Билбао	بیلبائو
Монзон	مونزان
Мурсия	مورسیا
Гуодикс	گوآدیکس
Галапагар	گالاپاگار
Алкобендас	الکوبنداز
Пергамон	پرگامون
Ҷумҳурии Эстония	جمهوری استونی
Молдова	مولدووا
Шоҳзоданишини Хуттал	شاهزاده‌نشین ختل
Институти забон ва адабиёти Рӯдакӣ	انستیتوت زبان و ادبیات رودکی
Академияи Русия	آکادمی روسیه
Донишгоҳи Канзас	دانشگاه کانزاس
Донишгоҳи Канзас	دانشگاه کانزاس
Донишгоҳи исломии имом Ибни Саъуд	دانشگاه اسلامی امام بن سعود
Ирфон	عرفان
Китобхонаи Фаронса	کتابخانه فرانسه
Донишгоҳи Мериленд	دانشگاه مریلند
Бюрои ИМА	اداره آمار
Каса Лома	کاسا لوما
Вазорати корҳои Тоҷикистон	وزارت کارهای تاجیکستان
Филаделфия	فیلادلفیا
Монессен	مانسن،
Эрӣ	اری،
Рединг	ریدینگ،
Гестапо	گشتاپو
Гестапо	گشتاپو
Шӯрои халқӣ	شورای خلق
Шӯрои халқӣ	شورای خلق
Викитека	ویکی‌نبشته
Викитека	ویکی‌نبشته
Рамштайн	رامشتاین
Рамштайн	رامشتاین
Рамштайн	رامشتاین
Рамштайн	رامشتاین
Рамштайн	رامشتاین
Рамштайн	رامشتاین
Рамштайн	رامشتاین
Рамштайн	رامشتاین
Рамштайн	رامشتاین
Амҳерст	امهرست،
Милтун	میلتون،
Ашан	اوشان
Ашан	اوشان
Ашан	اوشان
Ашан	اوشان
Ашан	اوشان
Зен	ذن
Мунден	موندن
Сбербанк	اسبربانک
Сбербанк	اسبربانک
сармоягузорӣ	سرمایه‌گذاری
Гиссен	گیسن
Франконияи Болоӣ	فرانکن علیا
Франкони Миёна	فرانکن وسطی
Фолтси Боло	فالتس علیا
Китобхонаи Тоҷикистон	کتابخانه تاجکستان
Китобхонаи миллии тибби ИМА	کتابخانه ملی ایالات متحده
Китобхонаи Русия	کتابخانه روسیه
Китобхонаи Белорус	کتابخانه بلاروس
Порис	پاریس
Донишгоҳи Иёлати Флорида	دانشگاه ایالتی فلوریدا
Донишгоҳи Калифорния Ирвайн	دانشگاه کالیفرنیا، ارواین
Донишгоҳи Айова	دانشگاه آیووا
Донишгоҳи Урегуни Шарқӣ	دانشگاه اورگن شرقی
Донишгоҳи Небраска-Линколн	دانشگاه نبراسکا در لینکلن
Донишгоҳи Делавэр	دانشگاه دلاویر
Донишгоҳи Ғарбӣ	دانشگاه غربی
Донишгоҳи Калифорния Санта-Круз	دانشگاه کالیفرنیا، سانتا کروز
Донишгоҳи Вирҷиния	دانشگاه ویرجینیا
Донишгоҳи Висконсин дар Мадисон	دانشگاه ویسکانسین-مدیسن
Донишгоҳи иёлати Айова	دانشگاه ایالتی آیووا
Донишгоҳи Калифорния Дейвис	دانشگاه کالیفرنیا، دیویس
Донишгоҳи Мичиган	دانشگاه میشیگان
Донишгоҳи иёлати Ню-Йорк дар Буффало	دانشگاه ایالتی نیویورک در بوفالو
Донишгоҳи давлатии Техас	دانشگاه ایالتی تگزاس
Донишгоҳи Аризона	دانشگاه آریزونا
Донишгоҳи Калифорния Лос-Анҷелес	دانشگاه کالیفرنیا، لس‌آنجلس
Донишгоҳи Ҳартфорд	دانشگاه هارتفورد
фанноварии Иллинуй	فناوری ایلینوی
Донишгоҳи Баламанд	دانشگاه بلمند
Калифорния	کالیفرنیا
Донишгоҳи Томас Ҷефферсон	دانشگاه توماس جفرسون
Донишгоҳи Ҳопкинс	دانشگاه هاپکینز
Донишгоҳи Бостон	دانشگاه بوستون
Калисои Юнон	کلیسای یونان
Полинезияи Фаронса	پلی‌نزی فرانسه
Боден-Боден	بادن-بادن
Ҳизби Русия	حزب روسیه
Ҳизби Чин	حزب چین
Ҷумҳурии Молдова	جمهوری مولداوی
Ҷумҳурии Шӯравии Сотсиалистии Пасиқафқоз	جمهوری سوسیالیستی قفقاز
Гурҷистон	سوسیالیستی گرجستان
Ҷумҳурии Туркманистон	جمهوری ترکمنستان
ҶШФСР	فدراتیو روسیه شوروی
Ҷумҳурии Шӯравии	جمهوری شوروی
Узбакистон	سوسیالیستی ازبکستان
Шӯравии Хитой	شوروی چین
Қирғизистони Шӯравӣ	سوسیالیستی قرقیزستان شوروی
Белорус	سوسیالیستی بلاروس
Ҷумҳурии Шӯравии	جمهوری شوروی
Арманистон	سوسیالیستی ارمنستان
Тоҷикистон	سوسیالیستی تاجیکستان
Ҳизби либерал	حزب لیبرال
Донишгоҳи Восит	دانشگاه واسط
Франс	فرانس
миллии мудирият	ملی علوم اداری
Маркази пизишкии Седарс-Синай	مرکز پزشکی سیدرز-ساینای
Донишгоҳи Брадфорд	دانشگاه برادفورد
Масҷид-ул-Ҳаром	مسجد الحرام
Масҷид-ул-Ҳаром	مسجد الحرام
Масҷид-ул-Ҳаром	مسجد الحرام
Масҷид-ул-Ҳаром	مسجد الحرام
Масҷид-ул-Ҳаром	مسجد الحرام
Масҷид-ул-Ҳаром	مسجد الحرام
Масҷид-ул-Ҳаром	مسجد الحرام
Масҷид-ул-Ҳаром	مسجد الحرام
Масҷид-ул-Ҳаром	مسجد الحرام
Aerolínea	آئرولینئا
Aerolínea	آئرولینئا
Aerolínea	آئرولینئا
Aerolínea	آئرولینئا
Аэр Аранн	ائر آران
Аэр Аранн	ائر آران
Шӯрои Аврупо	شورای اروپا
кишварҳои	اوپک
Созмони Милали Муттаҳид	سازمان ملل متحد
ҳамкории Осиё	همکاری‌ها آسیایی
Созмони амниятӣ ва ҳамкорӣ Аврупо	سازمان امنیت و همکاری اروپا
Созмони ҳамкории Шанхай	سازمان همکاری شانگهای
Идораи байнулмилалии ва миқёсҳо	اداره بین‌المللی و مقیاس‌ها
сармоягузорӣ	چندجانبه تضمین سرمایه‌گذاری
Гурӯҳи ҳаштгона	گروه هشت
муштаракулманофеъ	مستقل همسود
Геногеография	ژنوگرافیک
Адапазари	آداپازاری
Элхониён	ایلخانان
Абобил	ابابیل
Абобил	ابابیل
Богота	بوگوتا
Суррей	ساری
Сомервилл	سامرویل
Санкт-Ҳю	سنت هیو
Вустер-коллеҷ	ووستر،
Магдолен	مگدالن،
Пембрук	پمبروک،
Нуво	نووا
Толчва	تولچوا
Рацибуж	راسیبورز
Залтсбург	زالتسبورگ
Грас	گراتس
Ростови лаби Дон	روستوف-نا-دونو
Донишоҳи Эдинбург	دانشگاه ادینبرو
Лаимяла	لایمیالا
Вюртемберг	وورتمبرگ
Подшоҳии Саксония	پادشاهی ساکسونی
Подшоҳии Вюртемберг	پادشاهی وورتمبرگ
Самсун	سامسون
Малатия	ملطیه
Қуния	قونیه
Мардин	ماردین
Адана	آدانا
Диёрбакр	دیاربکر
Муғла	موغله
Мерсин	مرسین
Эскишаҳр	اسکی‌شهر
Бурсо	بورسا
Ван	وان
Шанлиурфа	شانلی‌اورفه
Анкара	آنکارا
Манисо	مانیسا
Қайсария	قیصریه
Эрзурум	ارزروم
Баликесир	بالیکسیر
Анталя	آنتالیا
Оқсарой	آق‌سرای
Измир	ازمیر
Истанбул	استانبول
Трабзон	طرابزون
Қаҳрамонмаръаш	قهرمان‌مرعش
Ғозиайнтоб	غازی عینتاب
Орду	اردو
Денизли	دنیزلی
Давлати Исмоилия	دولت اسماعیلیان
Сен-Жон-сюр-Ришелю	سن-ژان-سور-ریشولیو
Сен-Жон-сюр-Ришелю	سن-ژان-سور-ریشولیو
ал-Араб	العرب
Си‌уф‌бе ширутр	سی‌اف‌بی شیروتر
Лашкари Сафолин	لشکر سفالین
Фурудгоҳи нерӯе ҳаво салтанате тувин‌вӯд форм	فرودگاه نیروی هوایی سلطنتی تووین‌وود فارم
Фурудгоҳи нерӯе ҳаво салтанате дигби	فرودگاه نیروی هوایی سلطنتی دیگبی
Фурудгоҳи нерӯе ҳаво салтанате ҳнлу	فرودگاه نیروی هوایی سلطنتی هنلو
Чоровода	کرووده
Чоровода	کرووده
Ватчун	واتچونگ،
Принстон	پرینستون
овошиносии байналмилалӣ	آواشناسی بین‌المللی
овошиносии байналмилалӣ	آواشناسی بین‌المللی
Энглвуд	انگلوود،
Трентон	ترنتون
Тения	ثنیه
Миширия	مشریه
Хеншела	خنشله،
Ақбӯ	اقبو
Ақбӯ	اقبو
Манила	مانیل
Имперотурии Бизонс	امپراتوری روم
Хоразм	خوارزم
Афғонистон	افغانستان
Инкҳо	اینکا
Антил Ҳоланд	آنتیل هلند
Подшоҳии Ироқ	پادشاهی عراق
Куриё	کره
Сосониён	ساسانیان
Подшоҳии Ғано	پادشاهی غنا
Миср	مصر
Бузург	بزرگ
сеюм	آلمان
Олмони Ғарбӣ	آلمان غربی
Руминия	رومانی
Порт	پارت
Бирма	برمه
Чин	چین
Имперотурии Рум	امپراتوری روم
Русияи	روسیه
Давлати Сурия	دولت سوریه
Диръия	دولت
Имперотурии Рум	امپراتوری روم
дувуми Лаҳистон	دوم لهستان
Халқии Шӯравии Бухоро	خلق شوروی بخارا
Худмухтори Шӯравии Туркистон	خودمختار شوروی ترکستان
Русия	روسیه
Чағатой	چغتای
Чин	یانگ
Рим	روم
Нав	نو
Гуптҳо	گوپتا
Араб	عربی
Руси Киев	روس کیف
Ҳиндустон	هند
Веймар	وایمار
Финиқия	فنیقی‌ها
Ҷопон	ژاپن
фаронсавӣ бар Сурия ва Лубнон	فرانسه بر سوریه و لبنان
Хева	خیوه
Мана	منائیان
имперотурии Муғул	امپراتوری مغول
Имперотурии	گورکانیان
Бобилистон	بابل
Имперотурии Дурронӣ	امپراتوری درانی
Сарбадорон	سربداران
Истравшан	اسروشنه
Рошидин	راشدین
Усрӯшана	اسروشنه
Эрони Қоҷорӣ	ایران قاجاری
Кастилия	کاستیا
Подшоҳии Кабир	پادشاهی کبیر
Хилофати Қуртуба	خلافت قرطبه
Араб	عربی
Ғазнавиён	غزنویان
Рухаҷ	رخج
Чехословакия	چکسلواکی
Ҷумҳурии Генуя	جمهوری جنوا
Югославия	یوگسلاوی
Подшоҳии Пруссия	پادشاهی پروس
Шервон	شیروان
Қарахониён	قراخانیان
Сотсиалистии Чехословакия	سوسیالیستی چکسلواکی
Давлати Исломии Афғонистон	دولت اسلامی افغانستان
хоноти Қарабоғ	خانات قره‌باغ
Сафавиён	صفوی
Нахустин Ҷумҳурии Чехословак	نخستین جمهوری چکسلواکی
ҶДО	دمکراتیک
Роҷи Бритониё	راج انگلیس
Подшоҳии Ҳавайи	پادشاهی هاوایی
Митан	میتانی
Афғонистон	افغانستان
Наҷд	نجد
Бобил	بابل
Наҷд ва Ҳаса	نجد و حسا
Ҳахоманишӣ	هخامنشیان
Ҷумҳурии Федералии Югославия	جمهوری فدرال یوگسلاوی
Арабӣ	عربی
Имперотурии Утриш	امپراتوری اتریش
Халқи Лаҳистон	خلق لهستان
Корнуолл	کورن وال
Подшоҳии Ингилистон	پادشاهی انگلیس
Русияи Тсарӣ	روسیه تزاری
Қӯқанд	خوقند
Темурӣ	تیموریان
Пруссия	پروس
Покистон	پاکستان
Мухторияти Туркистон	مختاریات ترکستان
Салҷуқиён	سلجوقیان
Подшоҳии Булғористон	پادشاهی بلغارستان
Мисри Бостон	مصر باستان
Канъон	کنعان
Руми Бостон	روم باستان
Шоҳаншоҳии	پارت
Подшоҳии Лаҳистон	پادشاهی لهستان
Сурия	سوریه
Исломии Афғонистон	اسلامی افغانستان
Саффориён	صفاریان‎
Шоҳаншоҳии Кушонӣ	شاهنشاهی کوشانی
Флоренсия	فلورانس
юнонии Ҳинд	یونانی هند
Дуюми Испания	دوم اسپانیا
Урарту	اورارتو
Подшоҳии Ҳаннофер	پادشاهی هانوور
Бухоро	بخارا
Халқи Украина	خلق اوکراین
Подшоҳии Ҳиҷоз	پادشاهی حجاز
Подшоҳии Ҳиҷозу Наҷд	پادشاهی حجاز و نجد
Подшоҳии арабии Сурия	پادشاهی عربی سوریه
озоди Пруссия	آزاد پروس
Ироқи баъсӣ	عراق بعثی
Аккад	اکد
Давлати Интиқолии Афғонистон	دولت انتقالی افغانستان
Давлати Сомониён	دولت سامانی
Хоразмшоҳиён	خوارزمشاهیان
Эрони Паҳлавӣ	ایران پهلوی
Шӯрои Олии Тоҷикистон	شورای عالی شوروی سوسیالیستی تاجیکستان
Сан-Луис	سائو لوئیس،
Арара	آرارا
Манаус	مانائوس
Жуан-Песоа	ژوآو پسوآ،
Гояния	گویانیا
Порту-Велю	پورتو
Ресифи	ریسیف
Боа-Виста	بوآ ویستا،
Белен	بلم
Аракажу	آراکاخو
Макапа	ماکاپا
Риу-Бранку	ریو برانکو
Paraíso	پارایسو،
Форталеза	فورتالزا
Натал	ناتال
Порту-Алегре	پورتو الگره
Петрополис	پتروپولیس،
Масейо	ماسیو
Озаску	اوزاسکو
Флорианополис	فلوریانوپلیس
Белу-Оризонти	بلو هوریزونته
Куритиба	کوریتیبا
Терезина	ترسینا
Рио-де-Жанейро	ریو د ژانیرو
Витория	ویتوریا،
Кампу-Гранде	کامپوگرانده
Палмас	پالماس
Куяба	کویابا
Сан-Паулу	سائوپائولو
Донишгоҳи малик Саъуд	دانشگاه ملک سعود
Пойгоҳи ҳавоии Патуксент	پایگاه هوایی پاتوکسنت
Гранада	گرانادا
Манагуа	ماناگوآ
Кумитаи	کاگ‌ب
Дазаифу	دازایفو
бонки марказӣ	بانک مرکزی
Ҳунулулу	هونولولو، هاوایی
Барселона	بارسلون
Қунайтира	قنیطره
Эрони бостон	ایران باستان
Эрони бостон	ایران باستان
Эрони бостон	ایران باستان
Верхнетоемский	ورخنتویمسکی
Няндомск	نیاندومسکی
Котлаский	کوتلاسکی
Геркуланум	هرکولانیوم
таърихии Суғд	تاریخی سغد
Айёсуфия	ایاصوفیه
Афросиёб	افراسیاب
Ясная Поляна	یاسنایا پالیانا
Книдион бушплон оснтр	کنیدیان بوشپلان اسنتر
Донишгоҳи Деҳлӣ	دانشگاه دهلی
Донишгоҳи Кембриҷ	دانشگاه کمبریج
Донишгоҳи Дурҳам	دانشگاه دورهام
Донишгоҳи Оксфорд	دانشگاه آکسفورد
Алупка	آلوپکا
Алупка	آلوپکا
Алупка	آلوپکا
Алупка	آلوپکا
калисои католикӣ	کلیسای کاتولیک
калисои католикӣ	کلیسای کاتولیک
Бонки Интернетии Филмҳо	بانک اینترنتی فیلم‌ها
Рамат Ган	رمت گن
Тел-Авив	تل‌آویو
Донишгоҳи Монреал	دانشگاه مونترآل
Донишгоҳи Ғарбӣ Нантер-ля-Дефанс	دانشگاه غربی نانتر
Донишгоҳи Пуатйе	دانشگاه پوآتیه
Донишгоҳи	1دانشگاه
Сан-Салвадор	سان سالوادور
Ню-Мексико	نیومکزیکو
Иллинойс	ایلی‌نوی
Массачусетс	ماساچوست
Пенсилвания	پنسیلوانیا
Каролинаи Ҷанубӣ	کارولینای جنوبی
Ню-Йорк	نیویورک
Индиана	ایندیانا
Вашингтон	واشینگتن
Техас	تگزاس
Алабама	آلاباما
Миссури	میزوری
Мэн	مین
Ню-Ҷерси	نیوجرسی
Неброско	نبراسکا
Род-Айленд	رود آیلند
Айова	آیووا
Дакотаи Ҷанубӣ	داکوتای جنوبی
Оклахома	اکلاهما
Калифорния	کالیفرنیا
Аризона	آریزونا
Оҳайо	اوهایو
Висконсин	ویسکانسین
Орегон	اورگن
Монтана	مونتانا
Колорадо	کلرادو
Айдаҳо	آیداهو
Аляска	آلاسکا
Шимолӣ	شمالی
Ғарбӣ	غربی
Вайоминг	وایومینگ
Флорида	فلوریدا
Миннесота	مینه‌سوتا
Делавэр	دلاویر
Вирҷиния	ویرجینیا
Луизиана	لوئیزیانا
Невада	نوادا
Кентукки	کنتاکی
Мичиган	میشیگان
Вермонт	ورمونت
Мэриленд	مریلند
Канзас	کانزاس
Теннессӣ	تنسی
Ню-Ҳэмпшир	نیوهمپشایر
Юта	یوتا
Ҳавайӣ	هاوائی
Шимолӣ	شمالی
Шӯрои Кветта	شورای کویته
миллии ҳавонавардии	حمل نقل هوایی فرانسه
Калисои Епископал	کلیسای اسقفی
иқтисодии Евразия	اقتصادی اوراسیا
иқтисодии АвруОсиё	اقتصادی اوراسیا
Имороти Арабӣ	امارات عربی
Сиерра Леоне	سیرالئون
Таиланд	تایلند
Венесуэла	ونزوئلا
Алҷазоир	الجزایر
Гвинея Бисау	گینه بیسائو
Тунис	تونس
Африқои Ҷанубӣ	آفریقای جنوبی
Ҳиндустон	هند
Гвинея	گینه
Гайана	گویان
Покистон	پاکستان
дудмони Минг	دودمان مینگ
Яман	یمن
Ҳондурас	هندوراس
Экуадор	اکوادور
Нигерия	نیجریه
Монтенегро	مونته‌نگرو
Ветнам	ویتنام
Лубнон	لبنان
Гамбия	گامبیا
Кения	کنیا
Гуатемала	گواتمالا
Ироқ	عراق
Сенегал	سنگال
Русия	روسیه
Того	توگو
Перу	پرو
Мозамбик	موزامبیک
Сумолӣ	سومالی
Камерун	کامرون
Ҷибути	جیبوتی
Либерия	لیبریا
Руминия	رومانی
Мавритания	موریتانی
Габон	گابن
Панама	پاناما
Банглодеш	بنگلادش
Уругуай	اروگوئه
Никарагуа	نیکاراگوئه
Бенин	بنین
Либия	لیبی
Салвадор	السالوادور
Мянма	میانمار
Кот-д'Ивуар	ساحل
Арабистони Саудӣ	عربستان سعودی
Гвинеяи Истивоӣ	گینه استوایی
Иордания	اردن
Танзания	تانزانیا
Кувайт	کویت
Босния ва Ҳерсеговина	بوسنی و هرزگوین
Сурия	سوریه
Миср	مصر
Эритрея	اریتره
Малайзия	مالزی
Намибия	نامیبیا
Ғано	غنا
Марокаш	مراکش
Эрон	ایران
Конго	کنگو
Ил-де-Франс	ایل-دو-فرانس
Гранд-Эст	گرانت است
Монторо-Инфероре	مونتورو اینفریوره
Рум	رم
Монторо-Супериоре	مونتورو سوپریوره
Жогорку Кенеш	شورای قرقیزستان
Жогорку Кенеш	شورای قرقیزستان
Тоҷикфилм	تاجیک فیلم
Тоҷикфилм	تاجیک فیلم
Суғдсинамо	سغدسینما
Тоҷикистон	تاجیکستان
Артиши Нигерия	ارتش نیجریه
Ӯрдуи Афғонистон	اردوی افغانستان
Артиши Сурх	ارتش سرخ
Артиши Бритониё	ارتش بریتانیا
Сосониён	ساسانیان
Артиши Русияи	ارتش روسیه
Ҳизби сабзи	حزب سبز
Дӯкони	مایکروسافت
Донишгоҳи Лондон	دانشگاه لندن
Донишгоҳи Ноттингҳам	دانشگاه ناتینگهام
Донишгоҳи Бат	دانشگاه باث
Донишгоҳи Луфборо	دانشگاه لافبورو
Донишгоҳи Ланкастер	دانشگاه لنکستر
Донишгоҳи Ковентрий	دانشگاه کاونتری
Донишгоҳи Чичестер	دانشگاه چیچستر
Донишгоҳи Кранфиелд	دانشگاه کرانفیلد
Донишгоҳи Честер	دانشگاه چستر
Донишгоҳи Плимот	دانشگاه پلیموث
Донишгоҳи Бритон	دانشگاه برایتون
Донишгоҳи Болтон	دانشگاه بولتون
Донишгоҳи Воустер	دانشگاه ووستر
Донишгоҳи Сундерланд	دانشگاه ساندرلند
Донишгоҳи Гринвич	دانشگاه گرینویچ
Донишгоҳи Нукастел	دانشگاه نیوکاسل
Машриқзамин ва Африқои	مشرق‌زمین و آفریقا
Донишгоҳи Портсмот	دانشگاه پورتسموث
Донишгоҳи Маркази Англия	دانشگاه بیرمنگام
Донишгоҳи Ексетер	دانشگاه اکستر
Донишгоҳи Реддинг	دانشگاه ریدینگ
Донишгоҳи Астон	دانشگاه آستون
Донишгоҳи Шарқи Англия	دانشگاه شرق انگلستان
Донишгоҳи Ҳул	دانشگاه هال
Донишгоҳи Нортҳамптон	دانشگاه نورث همپتون
Донишгоҳи Салфорд	دانشگاه سالفورد
Минтақаи Боҳемиаи Ҷанубӣ	منطقه بوهمی جنوبی
Академияи Афлотун	آکادمی افلاطون
Стайвесант	استایوسنت
Сафорати дар Пекин	سفارت در پکن
Донишгоҳи исломии Мадина	دانشگاه اسلامی مدینه
Донишгоҳи Феррара	دانشگاه فرارا
Донишгоҳи Теҳрон	دانشگاه تهران
Донишгоҳи Ҳалаб	دانشگاه حلب
Донишгоҳи Уммулқуро	دانشگاه ام‌القری
Донишгоҳи Туркманистон	دانشگاه ترکمنستان
Донишгоҳи фаннию Будапешт	دانشگاه فنی بوداپست
Донишгоҳи Бҳоротӣ	دانشگاه بهاراتی
Донишгоҳи Кобул	دانشگاه کابل
Донишгоҳи Кобул	دانشگاه کابل
Донишгоҳи Лейден	دانشگاه لیدن
Донишгоҳи Чжэнчжоу	دانشگاه ژنگژو
Донишгоҳи Қоҳира	دانشگاه قاهره
Донишгоҳи Афина	دانشگاه آتن
Донишгоҳи Тоҷикистон	دانشگاه تاجیکستان
Донишгоҳи Тоҷикистон-Русия	دانشگاه تاجیکستان و روسیه
Донишгоҳи давлатии Самарқанд	دانشگاه دولتی سمرقند
Донишкадаи ҳарбии Вазорати мудофиаи Тоҷикистон	دانشکده حربی وزارت مدافعه تاجیکستان
Донишгоҳи Бруслов	دانشگاه برسلاو
Донишгоҳи Уппсала	دانشگاه اوپسالا
Киев	کیف
Донишгоҳи Баъс	دانشگاه بعث
Донишгоҳи Вена	دانشگاه وین
Донишгоҳи Стокҳолм	دانشگاه استکهلم
Донишгоҳи Марказӣ	دانشگاه مرکزی
Донишгоҳи Зайтуна	دانشگاه الزیتونه
Донишгоҳи омӯзгории Тоҷикистон	دانشگاه آموزگاری تاجیکستان
Донишгоҳи давлатии Тоҷикистон	دانشگاه دولتی تاجیکستان
Донишгоҳи давлатии Хоруғ	دانشگاه دولتی خاروغ
Донишгоҳи Тоҷикистон	دانشگاه تاجیکستان
Донишгоҳи Ал-Азҳар	دانشگاه الازهر
Донишгоҳи Ботсвана	دانشگاه بوتسوانا
Донишгоҳи Ӯзбекистон	دانشگاه ازبکستان
Донишгоҳи Бухарест	دانشگاه بخارست
Донишгоҳи Амрикоии Осиёи Миёна	دانشگاه آمریکایی آسیای مرکزی
Донишгоҳи Алҷазоир	دانشگاه الجزیره
Донишгоҳи Тирана	دانشگاه تیرانا
Донишгоҳи Ягеллон	دانشگاه یاگیلونیا
Донишгоҳи Турин	دانشگاه تورین
Донишгоҳи Давлатии Ҳуқуқ, ва Сиёсати Тоҷикистон	دانشگاه دولتی حقوق، و سیاست تاجیکستان
Донишгоҳи давлатии Тоҷикистон	دانشگاه دولتی تاجیکستان
Донишгоҳи Тоҷикистон	دانشگاه تاجیکستان
Донишгоҳи Хоразмӣ	دانشگاه خوارزمی
Донишгоҳи Падуа	دانشگاه پادووا
Донишгоҳи Арманистон	دانشگاه ارمنستان
Донишгоҳи Бухарест	دانشگاه بخارست
Каролина	کارولینسکا
Донишгоҳи Манчестер	دانشگاه منچستر
Донишгоҳи Вилнюс	دانشگاه ویلنیوس
Донишгоҳи Ҳовоно	دانشگاه هاوانا
Академияи ФСБ	آکادمی اف‌اس‌بی
Донишгоҳи Бангӣ	دانشگاه بانگویی
Донишгоҳи Бангӣ	دانشگاه بانگویی
Порс	پیش از اسلام
Бастилия	باستیل
Бронкс	برانکس
Манҳэттен	منهتن
Куинс	کویینز
Сиди Бу Саид	سیدی بوسعید
Қромболия	قرمبالیه
Тунис	تونس
Аретсо	آرتزو
Пиза	پیزا
Венетсия	ونیز
Милан	میلان
Флоренсия	فلورانس
Африқо	آفریقا
Академияи илмҳои Тоҷикистон	آکادمی علم‌های تاجیکستان
Ғассониён	غسانیان
Калисои ортодоксии шарқӣ	کلیسای ارتدکس شرقی
Пойгоҳи Нерӯи Ҳавоии Шеппард	پایگاه نیروی هوایی شپپرد
Пойгоҳи нерӯе ҳаво ҳолумн	پایگاه نیروی هوایی هالومن
Пойгоҳи ҳавоӣ дсимумону	پایگاه هوایی دسیمومانو
Пойгоҳи ҳавоии Пенсакола	پایگاه هوایی پنسکوولا
Штутгарт	اشتوتگارت
Дуйсбург	دویسبورگ
Путсдом	پوتسدام
Итерзен	یوترسن
Кил	کیل
Веймар	وایمار
Кемберг	کمبرگ
Камен	کامن
Бершинг	برشینگ
Нюрнберг	نورنبرگ
Дортмунд	دورتموند
Дрезден	درسدن
Бутруп	بتتروپ
Лейпзиг	لایپزیگ
Брауншвейг	براونشوایگ
Ҳерсогенаурах	هرتسوگن‌آوراخ
Ҳюрт	هورت
Кёлн	کلن
Бод-Вилдунген	باد ویلدونگن
Дабиристони Албурз	دبیرستان البرز
Донишгоҳи Пётри Кабири Санкт-Петербург	دانشگاه پتر کبیر سن پترزبورگ
англисӣ	انگلیسی
англисӣ	انگلیسی
Гурӯҳи Билдерберг	گروه بیلدربرگ
Бунёди Масъуд	بنیاد مسعود
Мадрид	مادرید
Озмуни Байналхалқии	المپیاد جهانی ریاضی
иқтисодии Аврупо	اقتصادی اروپا
Фурудгоҳи лондан бигин ҳил	فرودگاه لندن بیگین هیل
Бунёди Нобел	بنیاد نوبل
Академия	فرهنگستان
Академия	فرهنگستان
Академия	فرهنگستان
ояндаи башарият	آینده بشریت
ояндаи башарият	آینده بشریت
ояндаи башарият	آینده بشریت
Аҳмадия	احمدیه
Созмони Марказӣ	سازمان مرکزی
Барномаи шӯравӣ	برنامه شوروی
Арбат	آربات
Измайлово	ایزمایلوا
Калисои ортодоксии Искандария	کلیسای ارتدکس اسکندریه
Калисои ортодоксии Антокия	کلیسای ارتدکس انطاکیه
хонавода	خانواده
Бишоп	بیشاپ
ҳифзи федералии	حفاظت فدرال
Донишгоҳи Қазон	دانشگاه غازان
Донишгоҳи федероли Урал	دانشگاه فدرال اورال
Нерӯи дарёии Шӯравӣ	نیروی دریایی شوروی
Донишгоҳи Мелбурн	دانشگاه ملبورن
Донишгоҳи Глосгу	دانشگاه گلاسگو
Донишгоҳи Стелленбос	دانشگاه استلنبوش
Донишгоҳи Загреб	دانشگاه زاگرب
Донишгоҳи Фрӣ-Стейт	دانشگاه ایالت
Донишгоҳи Булунё	دانشگاه بولونیا
Донишгоҳи Санкт-Петербург	دانشگاه سن پترزبورگ
Донишгоҳи Лиссабон	دانشگاه لیسبون
Донишгоҳи Кейптаун	دانشگاه کیپ‌تاون
Донишгоҳи Осло	دانشگاه اسلو
Донишгоҳи Осло	دانشگاه اسلو
Líneas Aéreas	لینئاس آئرئاس
Líneas Aéreas	لینئاس آئرئاس
Оренбургские	اورن‌ایر
Оренбургские	اورن‌ایر
Оренбургские	اورن‌ایر
Оренбургские	اورن‌ایر
Оренбургские	اورن‌ایر
Оренбургские	اورن‌ایر
Оренбургские	اورن‌ایر
Оренбургские	اورن‌ایر
Оренбургские	اورن‌ایر
Оренбургские	اورن‌ایر
Оренбургские	اورن‌ایر
Оренбургские	اورن‌ایر
Оренбургские	اورن‌ایر
Оренбургские	اورن‌ایر
Оренбургские	اورن‌ایر
Волга-Днепр	ولگا-نپر
Волга-Днепр	ولگا-نپر
Волга-Днепр	ولگا-نپر
Волга-Днепр	ولگا-نپر
Волга-Днепр	ولگا-نپر
Сан-Дор	سان دور
Сан-Дор	سان دور
Сан-Дор	سان دور
Сан-Дор	سان دور
Сан-Дор	سان دور
Сан-Дор	سان دور
Сан-Дор	سان دور
Сан-Дор	سان دور
Açores	آسوریس
Açores	آسوریس
Açores	آسوریس
Açores	آسوریس
Açores	آسوریس
Açores	آسوریس
Açores	آسوریس
Açores	آسوریس
Açores	آسوریس
Açores	آسوریس
Açores	آسوریس
Açores	آسوریس
Açores	آسوریس
Açores	آسوریس
Башкирские	باشکیریان
Башкирские	باشکیریان
Башкирские	باشکیریان
Башкирские	باشکیریان
Башкирские	باشکیریان
Башкирские	باشکیریان
Башкирские	باشکیریان
Башкирские	باشکیریان
Abaeté Aéreas	آبائته آئریاس
Abaeté Aéreas	آبائته آئریاس
Abaeté Aéreas	آبائته آئریاس
Аркаим	آرکائیم
Аркаим	آرکائیم
Аркаим	آرکائیم
Аркаим	آرکائیم
Аркаим	آرکائیم
Аркаим	آرکائیم
Аркаим	آرکائیم
Аркаим	آرکائیم
Аркаим	آرکائیم
Aérea	آئرئا
Aérea	آئرئا
Aérea	آئرئا
Aérea	آئرئا
Aérea	آئرئا
Aérea	آئرئا
Aérea	آئرئا
Грозний Авиа	گروزنی اویا
Грозний Авиа	گروزنی اویا
Грозний Авиа	گروزنی اویا
Грозний Авиа	گروزنی اویا
Грозний Авиа	گروزنی اویا
Грозний Авиа	گروزنی اویا
Грозний Авиа	گروزنی اویا
Грозний Авиа	گروزنی اویا
Грозний Авиа	گروزنی اویا
Грозний Авиа	گروزنی اویا
Грозний Авиа	گروزنی اویا
Грозний Авиа	گروزنی اویا
Грозний Авиа	گروزنی اویا
Грозний Авиа	گروزنی اویا
Грозний Авиа	گروزنی اویا
Грозний Авиа	گروزنی اویا
Грозний Авиа	گروزنی اویا
Грозний Авиа	گروزنی اویا
Грозний Авиа	گروزنی اویا
Грозний Авиа	گروزنی اویا
Грозний Авиа	گروزنی اویا
Грозний Авиа	گروزنی اویا
Грозний Авиа	گروزنی اویا
Грозний Авиа	گروزنی اویا
Грозний Авиа	گروزنی اویا
Грозний Авиа	گروزنی اویا
Грозний Авиа	گروزنی اویا
Грозний Авиа	گروزنی اویا
Грозний Авиа	گروزنی اویا
Грозний Авиа	گروزنی اویا
Грозний Авиа	گروزنی اویا
Грозний Авиа	گروزنی اویا
Грозний Авиа	گروزنی اویا
Грозний Авиа	گروزنی اویا
Грозний Авиа	گروزنی اویا
Líneas Aéreas	لینئاس آئراس
Líneas Aéreas	لینئاس آئراس
Líneas Aéreas	لینئاس آئراس
Líneas Aéreas	لینئاس آئراس
Líneas Aéreas	لینئاس آئراس
Líneas Aéreas	لینئاس آئراس
Líneas Aéreas	لینئاس آئراس
Líneas Aéreas	لینئاس آئراس
Líneas Aéreas	لینئاس آئراس
Líneas Aéreas	لینئاس آئراس
Líneas Aéreas	لینئاس آئراس
Líneas Aéreas	لینئاس آئراس
Líneas Aéreas	لینئاس آئراس
Aéreas	آئرئاس
Aéreas	آئرئاس
Aéreas	آئرئاس
Aéreas	آئرئاس
Aéreas	آئرئاس
Aéreas	آئرئاس
Илич-Авиа	ایلیچ-اویا
Илич-Авиа	ایلیچ-اویا
Илич-Авиа	ایلیچ-اویا
Илич-Авиа	ایلیچ-اویا
Илич-Авиа	ایلیچ-اویا
Газпром	گازپروماویا
Газпром	گازپروماویا
Газпром	گازپروماویا
Газпром	گازپروماویا
Газпром	گازپروماویا
Líneas Aéreas	لینئاس آئرئاس
—	–
Aéreas	آئرئاس
Aéreas	آئرئاس
Aéreas	آئرئاس
Aéreas	آئرئاس
Aéreas	آئرئاس
Aéreas	آئرئاس
Aéreas	آئرئاس
Aéreas	آئرئاس
Казанское авиапредприятие	قازان انترپرایز
Казанское авиапредприятие	قازان انترپرایز
Казанское авиапредприятие	قازان انترپرایز
Européenne	یوروپین
Européenne	یوروپین
Européenne	یوروپین
Européenne	یوروپین
Européenne	یوروپین
Européenne	یوروپین
СИБИА	سیبیا
СИБИА	سیبیا
Аврора	آورورا
Аврора	آورورا
Победа	پابیدا
Победа	پابیدا
Победа	پابیدا
Победа	پابیدا
Победа	پابیدا
Победа	پابیدا
Победа	پابیدا
Победа	پابیدا
Победа	پابیدا
Победа	پابیدا
Победа	پابیدا
Победа	پابیدا
Победа	پابیدا
Победа	پابیدا
Vallée	والی
Vallée	والی
Vallée	والی
Vallée	والی
Vallée	والی
Vallée	والی
Vallée	والی
Vallée	والی
Vallée	والی
РусЛайн	روس‌لاین
РусЛайн	روس‌لاین
РусЛайн	روس‌لاین
РусЛайн	روس‌لاین
РусЛайн	روس‌لاین
РусЛайн	روس‌لاین
«Украина»	اوکراین
Якутия	یاکوتیا
ВИМ-Авиа	ویم
ВИМ-Авиа	ویم
ВИМ-Авиа	ویم
ВИМ-Авиа	ویم
ВИМ-Авиа	ویم
ВИМ-Авиа	ویم
ВИМ-Авиа	ویم
Алроса	آلروسا
Алроса	آلروسا
Алроса	آلروسا
Алроса	آلروسا
Алроса	آلروسا
Алроса	آلروسا
Алроса	آلروسا
Алроса	آلروسا
Алроса	آلروسا
Алроса	آلروسا
Алроса	آلروسا
Алроса	آلروسا
Алроса	آلروسا
Алроса	آلروسا
Алроса	آلروسا
Алроса	آلروسا
Алроса	آلروسا
Алроса	آلروسا
Алроса	آلروسا
Алроса	آلروسا
Каталина	کاتالینا
КрасАвиа	کراس‌اویا
КрасАвиа	کراس‌اویا
Фурудгоҳи так‌бондҳ окт	فرودگاه تک‌بانده اکت
Фурудгоҳи так‌бондҳ окт	فرودگاه تک‌بانده اکت
Фурудгоҳи так‌бондҳ окт	فرودگاه تک‌بانده اکت
Фурудгоҳи так‌бондҳ окт	فرودگاه تک‌بانده اکت
ЮТэйр Карго	یوتی‌ایر کارگو
ЮТэйр Карго	یوتی‌ایر کارگو
ЮТэйр Карго	یوتی‌ایر کارگو
ЮТэйр Карго	یوتی‌ایر کارگو
ЮТэйр Карго	یوتی‌ایر کارگو
ЮТэйр Карго	یوتی‌ایر کارگو
ЮТэйр Карго	یوتی‌ایر کارگو
ЮТэйр Карго	یوتی‌ایر کارگو
ЮТэйр Карго	یوتی‌ایر کارگو
ЮТэйр Карго	یوتی‌ایر کارگو
ЮТэйр Карго	یوتی‌ایر کارگو
ЮТэйр Карго	یوتی‌ایر کارگو
ЮТэйр Карго	یوتی‌ایر کارگو
ЮТэйр Карго	یوتی‌ایر کارگو
ЮТэйр Карго	یوتی‌ایر کارگو
ЮТэйр Карго	یوتی‌ایر کارگو
ЮТэйр Карго	یوتی‌ایر کارگو
ЮТэйр Карго	یوتی‌ایر کارگو
ЮТэйр Карго	یوتی‌ایر کارگو
Åland	آلاند
Åland	آلاند
Åland	آلاند
Åland	آلاند
Åland	آلاند
Åland	آلاند
Åland	آلاند
Åland	آلاند
Åland	آلاند
Åland	آلاند
Åland	آلاند
Åland	آلاند
Åland	آلاند
Åland	آلاند
Åland	آلاند
Åland	آلاند
Åland	آلاند
Åland	آلاند
Åland	آلاند
Åland	آلاند
Åland	آلاند
Åland	آلاند
Åland	آلاند
Днеправиа	دنیپرواویا
Днеправиа	دنیپرواویا
Мотор Сич	موتور سیچ
Мотор Сич	موتور سیچ
Мотор Сич	موتور سیچ
Мотор Сич	موتور سیچ
Мотор Сич	موتور سیچ
Мотор Сич	موتور سیچ
Украина	یوتی-اوکراین
Украина	یوتی-اوکراین
Украина	یوتی-اوکراین
Украина	یوتی-اوکراین
Украина	یوتی-اوکراین
Украина	یوتی-اوکراین
Украина	یوتی-اوکراین
Украина	یوتی-اوکراین
Украина	یوتی-اوکراین
Украина	یوتی-اوکراین
Украина	یوتی-اوکراین
Украина	یوتی-اوکراین
Украина	یوتی-اوکراین
Украина	یوتی-اوکراین
Украина	یوتی-اوکراین
Украина	یوتی-اوکراین
Украина	یوتی-اوکراین
Украина	یوتی-اوکراین
Украина	یوتی-اوکراین
Украина	یوتی-اوکراین
Украина	یوتی-اوکراین
Украина	یوتی-اوکراین
Украина	یوتی-اوکراین
Украина	یوتی-اوکراین
Украина	یوتی-اوکراین
Украина	یوتی-اوکراین
Украина	یوتی-اوکراین
Украина	یوتی-اوکراین
Окада Эйр	اوکادا ایر
Окада Эйр	اوکادا ایر
Окада Эйр	اوکادا ایر
Ҷет-2000	جت-۲۰۰۰
Ҷет-2000	جت-۲۰۰۰
Ҷет-2000	جت-۲۰۰۰
Ҷет-2000	جت-۲۰۰۰
Caraïbes	کارائیبس
Caraïbes	کارائیبس
Aeroméxico	آئرومکزیکو
Aeroméxico	آئرومکزیکو
Aeroméxico	آئرومکزیکو
Aeroméxico	آئرومکزیکو
Россия	روسیه
Россия	روسیه
Аэростар	آئرواستار
Côte d’Ivoire	ساحل عاج
Côte d’Ivoire	ساحل عاج
Côte d’Ivoire	ساحل عاج
Côte d’Ivoire	ساحل عاج
Côte d’Ivoire	ساحل عاج
Côte d’Ivoire	ساحل عاج
Côte d’Ivoire	ساحل عاج
Côte d’Ivoire	ساحل عاج
Côte d’Ivoire	ساحل عاج
Côte d’Ivoire	ساحل عاج
Côte d’Ivoire	ساحل عاج
Côte d’Ivoire	ساحل عاج
Côte d’Ivoire	ساحل عاج
Côte d’Ivoire	ساحل عاج
Côte d’Ivoire	ساحل عاج
Тибетские	تبت
Тибетские	تبت
Тибетские	تبت
Тибетские	تبت
Тибетские	تبت
Тибетские	تبت
Тибетские	تبت
Тибетские	تبت
Тибетские	تبت
Тибетские	تبت
Полярные	پولار
Чукотавиа	چوکوتاویا
Чукотавиа	چوکوتاویا
Ижавиа	آیزهاویا
Aérea	آئرئا
Aérea	آئرئا
–	اوییشن
–	اوییشن
–	اوییشن
Атлас	روس‌ایر
Атлас	روس‌ایر
Атлас	روس‌ایر
Атлас	روس‌ایر
Черномор	شرنومور-اویا
Черномор	شرنومور-اویا
Черномор	شرنومور-اویا
Черномор	شرنومور-اویا
Черномор	شرنومور-اویا
Warbelow’s	واربلوز
Warbelow’s	واربلوز
Warbelow’s	واربلوز
Warbelow’s	واربلوز
Aerolíneas	آئرولینئاس
Aerolíneas	آئرولینئاس
Aerolíneas	آئرولینئاس
Aerolíneas	آئرولینئاس
Aerolíneas	آئرولینئاس
Aerolíneas	آئرولینئاس
Aerolíneas	آئرولینئاس
Aerolíneas	آئرولینئاس
Aerolíneas	آئرولینئاس
Aerolíneas	آئرولینئاس
Aerolíneas	آئرولینئاس
Aerolíneas	آئرولینئاس
Aerolíneas	آئرولینئاس
Aerolíneas	آئرولینئاس
Aerolíneas	آئرولینئاس
Aerolíneas	آئرولینئاس
Aerolíneas	آئرولینئاس
Aerolíneas	آئرولینئاس
Aerolíneas	آئرولینئاس
Aerolíneas	آئرولینئاس
Aerolíneas	آئرولینئاس
Aerolíneas	آئرولینئاس
Аэрогавиота	آئروگاویوتا
Аэрогавиота	آئروگاویوتا
Аэрогавиота	آئروگاویوتا
Аэрогавиота	آئروگاویوتا
T’way	تی
T’way	تی
T’way	تی
T’way	تی
T’way	تی
T’way	تی
Ак Барс Аэро	آک بارس آئرو
Ак Барс Аэро	آک بارس آئرو
Ак Барс Аэро	آک بارس آئرو
Ак Барс Аэро	آک بارس آئرو
Ак Барс Аэро	آک بارس آئرو
Эйр Синай	ایر سینا
Эйр Синай	ایر سینا
Эйр Синай	ایر سینا
Эйр Синай	ایر سینا
Эйр Синай	ایر سینا
Эйр Синай	ایر سینا
Эйр Синай	ایر سینا
Эйр Синай	ایر سینا
Эйр Синай	ایر سینا
Эйр Синай	ایر سینا
Эйр Синай	ایر سینا
Эйр Синай	ایر سینا
Эйр Синай	ایر سینا
Эйр Синай	ایر سینا
Эйр Синай	ایر سینا
Эйр Синай	ایر سینا
Эйр Синай	ایر سینا
Когалымавиа	کاگلومویا
Когалымавиа	کاگلومویا
Когалымавиа	کاگلومویا
Когалымавиа	کاگلومویا
Когалымавиа	کاگلومویا
Когалымавиа	کاگلومویا
Когалымавиа	کاگلومویا
Когалымавиа	کاگلومویا
Когалымавиа	کاگلومویا
Гама	گاما
Гама	گاما
Гама	گاما
Гама	گاما
Гама	گاما
Гама	گاما
Гама	گاما
Гама	گاما
Гама	گاما
Гама	گاما
Aviação	اویاچائو
Комиавиатранс	کومی‌اویاترنس
Комиавиатранс	کومی‌اویاترنس
Комиавиатранс	کومی‌اویاترنس
Комиавиатранс	کومی‌اویاترنس
Комиавиатранс	کومی‌اویاترنس
СКОЛ	اسکول
СКОЛ	اسکول
СКОЛ	اسکول
СКОЛ	اسکول
СКОЛ	اسکول
СКОЛ	اسکول
СКОЛ	اسکول
СКОЛ	اسکول
Ҳели Эйр	هلی ایر
Ҳели Эйр	هلی ایر
Ҳели Эйр	هلی ایر
Ҳели Эйр	هلی ایر
Ҳели Эйр	هلی ایر
Ҳели Эйр	هلی ایر
Ҳели Эйр	هلی ایر
Ямал	یامال
Ямал	یامال
Ямал	یامال
Ямал	یامال
Ямал	یامال
Ямал	یامال
Ямал	یامال
Ямал	یامال
Ямал	یامال
Ямал	یامال
Ямал	یامال
Ямал	یامال
Ямал	یامال
Ямал	یامال
Ангара	آنگارا
Hex’Air	هکس
Эйр	ایر
Эйр	ایر
Эйр	ایر
Эйр	ایر
Эйр	ایر
Эйр	ایر
Эйр	ایر
Эйр	ایر
Эйр	ایر
Эйр	ایر
Эйр	ایر
Эйр	ایر
Эйр	ایر
Эйр	ایر
Эйр	ایر
–	–
–	–
–	–
–	–
–	–
–	–
–	–
–	–
ИрАэро	ایر آئرو
ИрАэро	ایر آئرو
Аэролимузин	آئرولیموزین
Аэролимузин	آئرولیموزین
Псковавиа	پسکوف‌اویا
Псковавиа	پسکوف‌اویا
Псковавиа	پسکوف‌اویا
Псковавиа	پسکوف‌اویا
Центр-Юг	سنتر-سوث
Центр-Юг	سنتر-سوث
Центр-Юг	سنتر-سوث
Центр-Юг	سنتر-سوث
Центр-Юг	سنتر-سوث
Центр-Юг	سنتر-سوث
Центр-Юг	سنتر-سوث
Центр-Юг	سنتر-سوث
Центр-Юг	سنتر-سوث
Центр-Юг	سنتر-سوث
Центр-Юг	سنتر-سوث
Центр-Юг	سنتر-سوث
Центр-Юг	سنتر-سوث
Центр-Юг	سنتر-سوث
Центр-Юг	سنتر-سوث
Центр-Юг	سنتر-سوث
Центр-Юг	سنتر-سوث
Центр-Юг	سنتر-سوث
Центр-Юг	سنتر-سوث
Центр-Юг	سنتر-سوث
Центр-Юг	سنتر-سوث
Центр-Юг	سنتر-سوث
Центр-Юг	سنتر-سوث
Aéro-Service	آئرو-سرویس
Aéro-Service	آئرو-سرویس
Aéro-Service	آئرو-سرویس
Aéro-Service	آئرو-سرویس
Aéro-Service	آئرو-سرویس
Aéro-Service	آئرو-سرویس
Aéro-Service	آئرو-سرویس
Aéro-Service	آئرو-سرویس
Aéro-Service	آئرو-سرویس
Aéro-Service	آئرو-سرویس
Aéro-Service	آئرو-سرویس
Aéro-Service	آئرو-سرویس
Aéro-Service	آئرو-سرویس
Аэротранспорт	ائروترانسپورت
Аэротранспорт	ائروترانسپورت
Аэротранспорт	ائروترانسپورت
Уральские	اورال
Уральские	اورال
Саратовские	ساراتوف
Саратовские	ساراتوف
Саратовские	ساراتوف
Саратовские	ساراتوف
Саратовские	ساراتوف
Саратовские	ساراتوف
Саратовские	ساراتوف
Саратовские	ساراتوف
Саратовские	ساراتوف
Саратовские	ساراتوف
Саратовские	ساراتوف
Глобус	گلوبوس
Глобус	گلوبوس
Глобус	گلوبوس
Глобус	گلوبوس
Глобус	گلوبوس
Глобус	گلوبوس
Глобус	گلوبوس
Глобус	گلوبوس
Глобус	گلوبوس
Глобус	گلوبوس
Вологодское авиапредприятие	وولوگدا انترپرایز
Вологодское авиапредприятие	وولوگدا انترپرایز
Вологодское авиапредприятие	وولوگدا انترپرایز
Вологодское авиапредприятие	وولوگدا انترپرایز
Вологодское авиапредприятие	وولوگدا انترپرایز
Ҷеталлианс	آئروفلوت-پلاس
Сомон Эйр	سامان ایر
Бурятские	بورال
Бурятские	بورال
Авиастар-ТУ	اویااستار-تی‌یو
Авиастар-ТУ	اویااستار-تی‌یو
Атран	اتران
Атран	اتران
Атран	اتران
Атран	اتران
Атран	اتران
Атран	اتران
Атран	اتران
Атран	اتران
Aéreas	آئرئاس
Aéreas	آئرئاس
Aéreas	آئرئاس
Aéreas	آئرئاس
Aéreas	آئرئاس
Aéreas	آئرئاس
Aéreas	آئرئاس
Aéreas	آئرئاس
Aéreas	آئرئاس
Aéreas	آئرئاس
Aéreas	آئرئاس
Наганаганӣ	ناگاناگانی
Наганаганӣ	ناگاناگانی
Тулпар Эйр	تولپار ایر
Тулпар Эйр	تولپار ایر
Тулпар Эйр	تولپار ایر
Тулпар Эйр	تولپار ایر
Тулпар Эйр	تولپار ایر
Тулпар Эйр	تولپار ایر
Тулпар Эйр	تولپار ایر
Тулпар Эйр	تولپار ایر
Тулпар Эйр	تولپار ایر
Омӯзишгоҳ нерӯе ҳаво дундигул	آموزشگاه نیروی هوایی دوندیگول
Тоттенҳем Ҳотспур	فوتبال تاتنهام هاتسپر
Краснодар	کراسنودار
Тулуза	تولوز
Ливерпyл	لیورپول
Жальгирис	ژالگیریس
Хайр	خیر
Паланга	پالانگا
Аугсбург	آگزبورگ
Перспулис	پرسپولیس
Локоматив	فوتبال لوکوموتیو
Борнмут	فوتبال ای.اف.سی بورنموث
Истиқлол	استقلال
Дортмунд	فوتبال بروسیا دورتموند
Хатлон	ختلان
Бордо	بوردو
Челси	چلسی
Талерес	تایرس
Интер	فوتبال اینتر
Манчестер Сити	فوتبال منچستر سیتی
Кубан	فوتبال کوبان
Ал-Иттиҳод	الاتحاد
Астон Вилла	فوتبال استون ویلا
Вердер	ورزشی وردر
Брентфорд	برنتفورد
Мӯнхенгладбах	فوتبال بروسیا مونشن‌گلادباخ
Айнтрахт Франкфурт	فوتبال اینتراخت فرانکفورت
Эвертон	اورتون
Алмерия	آلمریا
Паневежис	پانه‌وژیس
Олимпик Марсей	فوتبال المپیک مارسی
Ан-Наср	النصر
Кадис	کادیس
Равшан	فوتبال روشن
Насаф	فوتبال نسف
Истаравшан	استروشن
Жальгирис	فوتبال کاونو ژالگیریس
Ритеряй	ریتریای
Банга	باشگاه
Самарқанд	فوتبال دینامو سمرقند
Пари Сен-Жермен	پاریس سن ژرمن
Джюгас	دزیوگاس
Мадрид	فوتبال رئال مادرید
Судува	سودووا
Ал-Ҳилол	الهلال
Атлетик Билбао	فوتبال اتلتیک بیلبائو
Регар-ТадАЗ	ریگر-تداز
Арсенал	آرسنال
Ҳикмати	تئوسوفی
Антропософия	انسانی
Созмони иттилоъоти низомии	سرویسز اینتلیجنس
Амнияти Иёлоти Амрико	امنیت ایالات آمریکا
Кремли	کرملین
мунтақидони филми Лондон	منتقدان فیلم لندن
Пойгоҳи нерӯе ҳаво длнд	پایگاه نیروی هوایی دلند
Пойгоҳи нерӯе ҳаво длнд	پایگاه نیروی هوایی دلند
Пойгоҳи нерӯе ҳаво длнд	پایگاه نیروی هوایی دلند
Пойгоҳи нерӯе ҳаво длнд	پایگاه نیروی هوایی دلند
Фурудгоҳи так‌бондҳ озор	فرودگاه تک‌بانده ازار
Фурудгоҳи так‌бондҳ озор	فرودگاه تک‌بانده ازار
Фурудгоҳи так‌бондҳ озор	فرودگاه تک‌بانده ازار
Фурудгоҳи так‌бондҳ озор	فرودگاه تک‌بانده ازار
Фурудгоҳи так‌бондҳ озор	فرودگاه تک‌بانده ازار
Фурудгоҳи так‌бондҳ озор	فرودگاه تک‌بانده ازار
Фурудгоҳи ободон	فرودگاه ایبادان
Фурудгоҳи ободон	فرودگاه ایبادان
Фурудгоҳи ободон	فرودگاه ایبادان
Фурудгоҳи ободон	فرودگاه ایبادان
Лукойл	لوک اویل
Citroën	سیتروئن
Citroën	سیتروئن
Памперс	پمپرز
Дорулҳандаса	دار الهندسه
Рӯихати Тоҷикистон	شرکت تاجیک
Рӯихати Тоҷикистон	شرکت تاجیک
Рӯихати Тоҷикистон	شرکت تاجیک
Рӯихати Тоҷикистон	شرکت تاجیک
Рӯихати Тоҷикистон	شرکت تاجیک
Газпром нефт	گازپروم نفت
Газпром нефт	گازپروم نفت
Газпром нефт	گازپروم نفت
Квартал-95	کوارتال
Фурудгоҳи так‌бонд оҷуокуто	فرودگاه تک‌باند اجواکوتا
Фурудгоҳи так‌бонд оҷуокуто	فرودگاه تک‌باند اجواکوتا
Фурудгоҳи так‌бонд оҷуокуто	فرودگاه تک‌باند اجواکوتا
Фурудгоҳи бурӯксил шрлруо	فرودگاه بروکسل شرلروآ
Фурудгоҳи бурӯксил шрлруо	فرودگاه بروکسل شرلروآ
Фурудгоҳи бурӯксил шрлруо	فرودگاه بروکسل شرلروآ
Фурудгоҳи бурӯксил шрлруо	فرودگاه بروکسل شرلروآ
Фурудгоҳи бурӯксил шрлруо	فرودگاه بروکسل شرلروآ
Фурудгоҳи бурӯксил шрлруо	فرودگاه بروکسل شرلروآ
Гурӯҳи Саудии Бинлодин	گروه سعودی بن لادن
Гурӯҳи Саудии Бинлодин	گروه سعودی بن لادن
Гурӯҳи Саудии Бинлодин	گروه سعودی بن لادن
Гурӯҳи Саудии Бинлодин	گروه سعودی بن لادن
Гурӯҳи Саудии Бинлодин	گروه سعودی بن لادن
Азовсталь	آزووستال
Азовсталь	آزووستال
АвтоВАЗ	آوتوواز
АвтоВАЗ	آوتوواز
АвтоВАЗ	آوتوواز
АвтоВАЗ	آوتوواز
АвтоВАЗ	آوتوواز
АвтоВАЗ	آوتوواز
АвтоВАЗ	آوتوواز
АвтоВАЗ	آوتوواز
Райффайзенбанк	رایفیزن بانک
Райффайзенбанк	رایفیزن بانک
Райффайзенбанк	رایفیزن بانک
Райффайзенбанк	رایفیزن بانک
Райффайзенбанк	رایفیزن بانک
Бонк»	بانک
Бонк»	بانک
Бонк»	بانک
Фурудгоҳи так‌бонд гусов	فرودگاه تک‌باند گوساو
Монпелле	مون‌پلیه
Тур	تور
Метзс	مس،
Мубюж	موبوژ
Монсоро	مونسورو
Нис	نیس
Рубе	روبه
Салон-де-Прованс	سلون دو پروانس
Версал	ورسای
Сен-Жирон	سن-ژیرون،
Страсбург	استراسبورگ
Валонс	ولانس،
Севр	سور
Торб	تارب
Руон	روان
Мо	مو،
Гренобл	گرونوبل
Булун-Бийонкур	بولوین-بیانکور
Нёйӣ-сур-Сен	نوی-سور-سن
Сен-Клу	سن کلو
Шинун	شینون
Бурду	بوردو
Безансон	بزانسون
Амйен	امیان
Амбӯз	امبوز
Кламар	کلمر
По	پو
Марсел	مارسی
Нант	نانت
Маркази сармоягузорӣ	مرکز فصل اختلافات سرمایه‌گذاری
Созмони Тиҷорат	سازمان تجارت
Брюссел	بروکسل
Калисои морунӣ	کلیسای مارونی
Инаги	ایناگی،
Акуне	آکونه،
Иизука	ایزوکا،
Ода	اودا،
Содегаура	سودگائورا،
Нобеока	نوبه‌اوکا
Читосе	چیتوسه،
Кария	کاریا،
Сува	سووا،
Ҳюга	هیوگا،
Обу	اوبو،
Камагая	کاماگایا،
Аизувакаматсу	آیزوواکاماتسو،
Каи	کای،
Камеока	کامه‌اوکا
Ниноҳе	نینوهه،
Китаакита	کیتا-آکیتا،
Фукая	فوکایا،
Мине	مینه،
Нишитокё	نیشی‌توکیو،
Коганеи	کوگانی،
Кодаира	کودائیرا،
Ҳигашиоуми	هیگاشی‌اومی،
Кавачинагано	کاواچی‌ناگانو
Миура	میورا،
Шинҷо	شینجو،
Ябу	یابو، هیوگو
Аисаи	آیسای،
Омачи	اوماچی،
Кусатсу	کوساتسو،
Уҷи	کیوتو
Чичибу	چیچیبو،
Чёфу	چوفو،
Нода	نودا،
Томакомаи	توماکومای،
Оумиҳачиман	اومیهاچیمان،
Омута	اوموتا،
Кимитсу	کیمیتسو،
Камису	کامیسو،
Обаназава	اوبانازاوا،
Кашиҳара	کاشیهارا،
Сасаяма	ساسایاما،
Кашиба	کاشیبا،
Шимада	شیمادا،
Юбари	یوباری،
Футтсу	فوتسو،
Кирю	کیریو،
Тогане	توگانه،
Шиҷонауате	شیجوناواته،
Ҳигашиҳирошима	هیگاشی‌هیروشیما
Уако	واکو،
Катано	کاتانو،
Шинширо	شینشیرو،
Сеннан	سن‌نان
Маниуа	مانیوا،
Коуносу	کوئون‌اوسو
Масуда	ماسودا،
Китаибараки	کیتاایباراکی،
Митоё	میتویا،
Ивакура	ایواکورا،
Ҳокуто	هوکوتو،
Сакадо	ساکادو،
Наёро	نایورو،
Секи	سکی،
Фукагауа	فوکاگاوا،
Казо	کازو،
Такета	تاکه‌تا
Юки	یوکی،
Гёда	گیودا،
Сагае	ساگائه،
Ясуги	یاسوگی،
Анан	آنان،
Ҳофу	هوفو،
Такаҳаги	تاکاهاگی،
Чикушино	چیکوشینو،
Усуки	اوسوکی،
Нанкоку	نانکوکو،
Ёшикава	یوشیکاوا،
Мураяма	مورایاما،
Сатте	ساته،
Мёко	میوکو،
Сакаиминато	ساکای‌میناتو
Итоигава	ایتویی‌گاوا
Минамисатсума	مینامی‌ساتسوما،
Сакураи	ساکورای،
Ёнаго	یوناگو،
Такеҳара	تاکه‌هارا
Митака	میتاکا،
Куширо	کوشیرو،
Шиогама	شیئوگاما،
Ҳирадо	هیرادو،
Нагато	ناگاتو،
Исе	ایسه،
Агео	آگه‌ئو،
Чикума	چیکوما،
Ебетсу	ابتسو،
Мисава	میساوا،
Инуяма	اینویاما،
Акаиуа	آکایوا،
Тонами	تونامی،
Такаока	تاکائوکا،
Абико	آبیکو،
Ҳигашикуруме	هیگاشی‌کورومه،
Ячиё	چیبا
Ёшиногауа	یوشینوگاوا،
Аваҷи	هیوگو
Кашивара	کاشی‌وارا
Сумото	سوموتو،
Маругаме	ماروگامه،
Исеҳара	ایسه‌هارا
Асака	آساکا،
Аиои	آیویی،
Ҳигашиматсушима	هیگاشی‌ماتسوشیما
Яизу	یایزو،
Имабари	ایماباری،
Кудаматсу	کوداماتسو،
Тода	تودا،
Готсу	گوتسو،
Ритто	ریتو،
Изумиотсу	ایزومی‌اوتسو
Инзаи	اینزای،
Нииза	نی‌ایزا،
Уозу	اوئوزو،
Ясу	یاسو،
Татебаяши	تاته‌بایاشی
Асаго	آساگو،
Изунокуни	ایزونوکونی،
Мишима	میشیما،
Огори	اوگوری،
Сукагава	سوکاگاوا،
Токи	توکی،
Токамачи	توکاماچی،
Гобо	گوبو،
Тамана	تامانا،
Соҷа	سوجا،
Уеноҳара	اوئنوهارا،
Санйоонода	سانیو-اونودا،
Шисо	شیسو،
Ниими	نی‌ایمی
Нишиноомоте	نیشینواوموته،
Ояма	اویاما،
Янагава	یاناگاوا،
Гинован	گینووان،
Чоши	چوشی،
Окегава	اوکه‌گاوا
Мотосу	موتوسو،
Ичиносеки	ایچینوسکی،
Ятсуширо	یاتسوشیرو،
Сабае	سابائه،
Нанао	نانائو،
Сануки	سان‌اوکی
Таҷими	تاجیمی،
Тосу	توسو
Касуга	کاسوگا،
Гото	گوتو،
Ичиҳара	ایچیهارا،
Чирю	چیرو،
Ячимата	یاچیماتا،
Камаиши	کاماایشی،
Яватаҳама	یاواتاهاما،
Муроран	موروران،
Киёсе	کیوسه،
Акабира	آکابیرا،
Дайто	دایتو،
Ако	آکو،
Дате	داته،
Куробе	کوروبه،
Мияко	میاکو،
Такаҳаши	تاکاهاشی،
Изу	ایزو،
Минамиашигара	مینامی‌آشیگارا
Шимода	شیمودا،
Ниҳонматсу	نیهون‌ماتسو
Саики	سایکی،
Аябе	آیابه،
Изуми	ایزومی،
Маибара	مایبارا،
Ашибетсу	آشی‌بتسو
Тамура	تامورا،
Такикава	تاکیکاوا،
Томиока	تومی‌اوکا
Нирасаки	نیراساکی،
Озу	اوزو،
Тоба	توبا،
Оҷия	اوجی‌یا
Минамиарупусу	مینامی-آروپوسو،
Ҳигашикагава	هیگاشی‌کاگاوا
Фуефуки	فوئه‌فوکی
Тендо	تندو،
Шимотсума	شیموتسوما،
Мурото	موروتو،
Гоҷо	گوجو،
Юриҳонҷо	یوریهونجو،
Готенба	گوتنبا،
Каратсу	کاراتسو
Миёши	میوشی،
Бунготакада	بونگوتاکادا،
Кесеннума	کسن‌نوما،
Ҳакусан	هاکوسان،
Ҳанамаки	هاناماکی،
Нагареяма	ناگاریاما،
Ҳида	هیدا،
Нанё	نانیو،
Нииҳама	نی‌ایهاما،
Ашикага	آشیکاگا،
Немуро	نمورو،
Кадома	کادوما،
Фуҷиока	فوجی‌اوکا
Иё	ایو،
Катагами	کاتاگامی،
Такашима	تاکاشیما،
Тарумизу	تارومیزو،
Татсуно	تاتسونو،
Нанто	نانتو،
Касумигаура	کاسومیگائورا،
Ауа	آوا،
Ногата	نوگاتا،
Фукучияма	فوکوچی‌یاما
Обама	اوباما،
Ётсукаидо	یوتسوکایدو،
Саиҷо	سایجو،
Шимабара	شیمابارا،
Сакаиде	ساکایده،
Такасаго	تاکاساگو،
Томе	تومه،
Ҳатсукаичи	هاتسوکاایچی،
Гуҷо	گوجو،
Иназава	اینازاوا،
Таҳара	تاهارا،
Ичикава	ایشی‌کاوا،
Обиҳиро	اوبیهیرو،
Наруто	ناروتو،
Точиги	توچیگی
Сузука	سوزوکا،
Кунитачи	کونیتاچی،
Анҷо	آنجو،
Нарита	ناریتا،
Ена	انا،
Атами	آتامی،
Ҳитачи-Омия	هیتاچی‌اومیا
Тамба	تامبا،
Токаи	توکای،
Тсучиура	تسوچی‌اورا
Ишиока	ایشی‌اوکا
Даисен	دایسن،
Шибетсу	شیبتسو،
Шобара	شوبارا،
Шибуши	شیبوشی،
Явата	یاواتا،
Амами	آمامی،
Овасе	اوآسه،
Такаишӣ	تاکایشی،
Кикугава	کیکوگاوا،
Окая	اوکایا،
Фусса	فوسا،
Юкуҳаши	یوکوهاشی،
Санҷо	سانجو،
Коморо	کومورو،
Ҳашимото	هاشیموتو،
Косаи	کوسای،
Мусашино	موساشینو،
Кауаниши	کاوانیشی،
Томигусуку	تومیگوسوکو،
Минамата	میناماتا،
Катсура	کاتوسورا،
Митсуке	میتسوکه،
Кашима, Ибараки	کاشیما، ایباراکی
Аясе	آیاسه،
Сусоно	سوسونو،
Киёсу	کیوسو،
Каминояма	کامینویاما،
Камиамакуса	کامی‌آماکوسا
Какамигаҳара	کاکامیگاهارا،
Нака	ناکا،
Асаҳи	آساهی،
Кураёши	کورایوشی،
Кётанабе	کیوتانابه
Тондабаяши	توندابایاشی،
Тсуяма	تسویاما،
Ики	ایکی،
Ибара	ایبارا،
Убе	اوبه،
Татеяма	تاتیاما،
Фукурои	فوکورویی،
Каҳоку	کاهوکو،
Сузака	سوزاکا،
Ҳитачинака	هیتاچیناکا،
Оги	اوگی
Ноширо	نوشیرو،
Ҳиоки	هیوکی،
Икома	ایکوما،
Токонаме	توکونامه،
Кага	کاگا،
Нантан	نانتان،
Нишио	نیشیو،
Отару	اوتارو،
Ториде	توریده،
Садо	سادو،
Яме	یامه،
Итоман	ایتومان،
Ҳино	هینو،
Зентсуҷи	زنتسوجی،
Китаҳирошима	کیتاهیروشیما،
Беппу	بپو،
Ҳаги	هاگی،
Амакуса	آماکوسا،
Сатсумасендаи	ساتسوماسندای،
Омура	اومورا،
Тенри	تنری،
Набари	ناباری،
Натори	ناتوری،
Арида	آریدا،
Номи	نومی،
Вараби	وارابی،
Сакура	ساکورا،
Камакура	کاماکورا،
Шибукава	شیبوکاوا،
Фуҷиеда	فوجی‌ئدا
Ямагучи	یاماگوچی
Кока	کوکا،
Омаезаки	اومائه‌زاکی
Никко	نیکو،
Сунагава	سوناگاوا،
Окава	اوکاوا،
Отаке	اوتاکه،
Ашия	آشیا،
Куриҳара	کوریهارا،
Акитаката	آکیتاکاتا،
Ебина	ابینا،
Шунан	شونان،
Тсуру	تسورو،
Токушима	توکوشیما
Коматсушима	کوماتسوشیما،
Китамото	کیتاموتو،
Уннан	اون‌نان
Рикузентаката	ریکوزنتاکاتا،
Ҳидака	هیداکه،
Ҳекинан	هکینان،
Кокубунҷи	کوکوبونجی،
Ёкоте	یوکوته،
Тсуруга	تسوروگا،
Чикусеи	چیکوسی،
Тсугару	تسوگارو،
Намерикауа	نامه‌ریکاوا
Изумо	ایزومو
Оно	اونو،
Такео	تاکه‌ئو
Какуда	کاکودا،
Мутсу	موتسو،
Урума	اوروما،
Румои	روموی،
Морияма	موری‌یاما
Накатсу	ناکاتسو،
Санда	ساندا،
Коши	کوشی،
Китаката	کیتاکاتا،
Ҳанноу	هان نو،
Шикокучуо	شیکوکوچوئو،
Мимасака	میماساکا،
Нарашино	نارشینو،
Одате	اوداته،
Отсуки	اوتسوکی،
Ига	ایگا،
Мики	میکی،
Мунаката	موناکاتا،
Касама	کاساما،
Бизен	بیزن،
Фучу, Токио	فوچو، توکیو
Офунато	اوفوناتو،
Ҳамура	هامورا،
Тсу	تسو،
Оме	اومه،
Тама	تاما،
Акируно	آکیرونو،
Китами	کیتامی،
Ҳигашимураяма	هیگاشی‌مورایاما،
Вакканаи	واکانای،
Шима	شیما،
Аки	آکی،
Нисшин	نیسشین،
Ебино	ابینو،
Фуҷисава	فوجیساوا،
Насушиобара	ناسوشیوبارا،
Фуҷими	فوجیمی،
Ина	اینا،
Кани	کانی،
Куҷи	کوجی،
Киришима	کیریشیما،
Ивата	ایواتا،
Монбетсу	مومبتسو،
Яита	یایتا،
Ономичи	اونومیچی،
Сеиё	سییو،
Тсушима	تسوشیما،
Ҳитачи	هیتاچی،
Исаҳая	ایساهایا،
Ваҷима	واجیما،
Юзава	یوزاوا،
Кушима	کوشیما،
Сузу	سوزو،
Ҳитачиота	هیتاچی‌اوتا
Шиоҷири	شیوجیری،
Каизу	کایزو،
Ога	اوگا،
Оябе	اویابه،
Фучу, Ҳирошима	فوجو، هیروشیما
Ками	کامی،
Итако	ایتاکو،
Яматотакада	یاماتوتاکادا،
Геро	گرو،
Инашики	ایناشیکی،
Фукутсу	فوکوتسو،
Уеда	اوئدا،
Уташинаи	اوتاشینای،
Накама	ناکامه،
Уто	اوتو،
Минамиауаҷи	مینامی‌آواجی
Бунгооно	بونگو-اونو،
Огаки	اوگاکی،
Тоёкава	تویوکاوا،
Тсубаме	تسوبامه،
Шибата	شیباتا،
Миноҳ	مینو،
Ширакава	شیراکاوا،
Иида	ایدا،
Кобаяши	کوبایاشی،
Госен	گوسن،
Яманаши	یاماناشی،
Ушику	اوشیکو،
Матсудо	ماتسودو،
Изумисано	ایزومی‌سانو
Укиҳа	اوکیها،
Тоон	تواون،
Ибусуки	ایبوسوکی،
Ишиномаки	ایشینوماکی،
Сеттсу	ستسو،
Осакасаяма	اوساکاسایاما،
Сусаки	سوساکی،
Тосашимизу	توساشیمیزو،
Иванума	ایوانوما،
Фуҷиномия	فوجی‌نومیا
Оноҷо	اونوجو،
Овариасаҳи	اواری‌آساهی
Ҳикари	هیکاری،
Ҳабикино	هابی‌کینو
Икеда	ایکه‌دا
Мино, Гифу	مینو، گیفو
Уваҷима	اهیمه
Тагава	تاگاوا،
Саито	سایتو،
Ҳитоёши	هیتویوشی،
Мизуҳо	میزوهو،
Тагаҷо	تاگاجو،
Катсураги	کاتسوراگی،
Зама	زاما،
Конан	کونان،
Инабе	اینابه،
Тсуругашима	تسوروگاشیما،
Ҳамада	هامادا،
Кисаразу	کیسارازو،
Камогава	کاموگاوا،
Шиманто	شیمانتو،
Тоёока	تویواوکا،
Бандо	باندو،
Куроиши	کوروایشی،
Широи	شیروی،
Бибаи	بیبای،
Сома	سوما،
Азумино	آزومینو،
Ҷосо	جوسو،
Саикаи	سایکای،
Нумата	نوماتا،
Саката	ساکاتا،
Ирума	ایروما،
Сано	سانو،
Фурано	فورانو،
Ҳасуда	هاسودا،
Чикуго	چیکوگو،
Широиши	شیروایشی،
Ҳигашиматсуяма	هیگاشی‌ماتسویاما
Товада	توادا،
Фуҷиёшида	فوجی‌یوشیدا
Кога	کوگا،
Тамано	تامانو،
Иияма	اییاما،
Томисато	تومیساتو،
Саяма	سایاما،
Томи	تومی،
Рюгасаки	ریوگاساکی،
Микаса	میکاسا،
Каноя	کانویا،
Китсуки	کیتسوکی،
Тоса	توسا،
Кикучи	کیکوچی،
Мока	موکا،
Ичикикушикино	ایچیکی‌کوشیکینو،
Канума	کانوما،
Ёнезава	یونه‌زاوا
Етаҷима	اتاجیما،
Куки	کوکی،
Комае	کومائه،
Яматокорияма	یاماتوکوری‌یاما،
Уса	اوسا،
Ҳиросаки	هیروزاکی،
Наго	ناگو،
Ивакуни	ایواکونی،
Зуши	زوشی،
Комаки	کوماکی،
Агано	آگانو،
Мураками	موراکامی،
Уки	اوکی،
Ҳашима	هاشیما،
Нагаҳама	ناگاهاما،
Нагаокакио	ناگائوکاکیو،
Чита	چیتا،
Итами	ایتامی،
Кувана	کووانا،
Макуразаки	ماکورازاکی،
Кашивазаки	کاشیوازاکی،
Моригучӣ	موریگوچی،
Сето	ستو،
Танабе	تانابه،
Матсубара	ماتسوبارا،
Ито	ایتو،
Китаками	کیتاکامی،
Комагане	کوماگانه،
Тсуруока	تسورواوکا،
Ҳита	هیتا،
Камеяма	کامه‌یاما
Госе	گوسه،
Сетоучи	ستوئوچی،
Мияконоҷо	میاکونوجو،
Чино	چینو،
Мизунами	میزونامی،
Имари	ایماری
Миязу	میازو،
Мима	میما،
Таку	تاکو،
Енива	انیوا،
Миҳара	میهارا،
Сукумо	سوکومو،
Шики	شیکی،
Асо	آسو،
Урасое	اوراسوئه،
Бузен	بوزن،
Каизука	کایزوکا،
Ҳигашине	هیگاشینه،
Канонҷи	کان‌اونجی
Конан, Кочи	کونان، کوچی
Ҳакуи	هاکویی،
Ҷоё	کیوتو
Накатсугава	ناکاتسوگاوا،
Нагаи	ناگای،
Минокамо	مینوکامو،
Ничинан	نیچینان،
Арао	آرائو،
Кумано	کومانو،
Касаи	کاسای،
Ҳаню	هانیو،
Ҳаннан	هان نان،
Муко	موکو،
Кётанго	کیوتانگو،
Ҳими	هیمی،
Такаҳама	تاکاهاما،
Тоёаке	تویوآکه،
Шингу	شینگو،
Нишиваки	نیشی‌واکی
Нишиваки	نیشی‌واکی
Пхенян	پیونگ‌یانگ
Чиба	چیبا
Точиги	توچیگی
Яманаши	یاماناشی
Иватэ	ایواته
Ямагата	یاماگاتا
Сига	استان شیگا
Кумамото	کوماموتو
Канагава	کاناگاوا
Гифу	گیفو
Коти	کوچی
Киото	کیوتو
Вакаяма	واکایاما
Осака	اوساکا
Акита	آکیتا
Токусима	توکوشیما
Кагосима	کاگوشیما
Мияги	میاگی
Оита	اوئیتا
Эхимэ	اهیمه
Тоттори	توتوری
Кагава	کاگاوا
Нара	نارا
Окинава	اوکیناوا
Миядзаки	میازاکی
Айчи	آیچی
Фукуока	فوکوئوکا
Сага	ساگا
Саитама	سایتاما
Тояма	تویاما
Фукуи	فوکوئی
Ҳёго	هیوگو
Аомори	آئوموری
Шизуока	شیزوئوکا
Симанэ	استان
Нагано	ناگانو
Ниигата	نیگاتا
Исикава	استان ایشیکاوا
Ҳиросима	هیروشیما
Нагасаки	ناگاساکی
Миэ	میه
Ямагути	یاماگوچی
Окаяма	اوکایاما
Гумма	گونما
Фукушима	فوکوشیما
Мадрид	زنان رئال مادرید
над Лабем	ناد لابم
Гибралтар	جبل طارق
Фурудгоҳи високопотном	فرودگاه ویساکاپاتنام
Фурудгоҳи високопотном	فرودگاه ویساکاپاتنام
Фурудгоҳи високопотном	فرودگاه ویساکاپاتنام
Пойгоҳи ҳавоии Сул	پایگاه هوایی ثول
Сэтагая	ستاگایا،
Донишгоҳи Леедс	دانشگاه لیدز
салтанатии Ландан	سلطنتی لندن
Донишгоҳи Ливерпоол	دانشگاه لیورپول
Донишгоҳи Шеффиелд	دانشگاه شفیلد
Боробудур	بوروبودور
Лозанна	لوزان
Морж	مورژ
Роршах	رورشک،
Люсерн	لوسرن
Берн	برن
Женева	ژنو
Зюрих	زوریخ
Веве	وو
Винтертур	ونترتور
Базел	بازل
Лейк-Плэсид	لیک پلاسید
Калгари	کالگری
Гуантанамо	گوانتانامو
Мапуту	ماپوتو
Мапуту	ماپوتو
Мапуту	ماپوتو
Мапуту	ماپوتو
Мапуту	ماپوتو
Мапуту	ماپوتو
Мапуту	ماپوتو
Мапуту	ماپوتو
Мапуту	ماپوتو
Эгг	اگ،
Нентсинг	ننتسینگ
Ҳёрбрантс	هوربرانتس
Ҳард	هارد
Шрунс	شرون
Волфурт	ولفورت
Руҳрав	روهرو،
Лаутерах	لوتراخ
Лустенау	لوستن‌آئو
Бетсау	بتسو
Асперҳофен	اشپرهوفن
Легиони ифтихорӣ	لژیون دونور
Легиони ифтихорӣ	لژیون دونور
Легиони ифтихорӣ	لژیون دونور
Пинк Флойд	پینک فلوید
Давлати Эрон	دولت ایران
Бавария	بایرن
Виктория	ویکتوریا،
Виктория	ویکتوریا،
Виктория	ویکتوریا،
Виктория	ویکتوریا،
Иттиҳоди тоҷик	متحد تاجیک
Оскар	اسکار
Сарагоса	ساراگوسا
военно-воздушные силы Великобритании	سلطنتی
Нерӯи ҳавоии Иёлоти Амрико	نیروی هوایی ایالات آمریکا
Нерӯҳои Булғористон	نیروی هوایی بلغارستان
Донишгоҳи Абердин	دانشگاه آبردین
Донишгоҳи Милан	دانشگاه میلان
Донишгоҳи Хронинген	دانشگاه خرونینگن
Донишгоҳи Дунди	دانشگاه داندی
Лигаи Урупо	لیگ اروپا
Лигаи Чемпионҳои УЕФА	لیگ قهرمانان اروپا
Лигаи бартари Ҳиндустон	لیگ برتر هند
Маҷлиси Тоҷикистон	مجلس تاجیکستان
Сабҳа	سابا
Константса	کونستانس
Бистритса	بیستریتسا
Карансебеш	کرنسبش
Фокшани	فوکشان
Каракал	کرکل
Сигету-Марматсией	سیگتو مرمتسیه
Галатс	گالاتسی
Клуж-Напока	کلوژ-نپوکا
Ботошани	بوتوشن
Римнику-Вилча	رمنیکو ولچا
Слатина	ستیئا
Тирговиште	تیرگوویشته
Сигишоара	سیگیشوآرا
Дева	دوا
Мотру	موترو
Онешти	اونشت
Кимпулунг-Мусчел	کمپولون
Вулкан	وولکن
Бирлад	برله
Хуши	هوش
Рэдэутси	ردوتس
Фэгэраш	فگره
Ҷурҷу	جورجی
Хунедоара	هوندوئارا
Бэйлешти	بیلش
Бая-Маре	بایا ماره
Пьятра-Нямтс	پیاترا نئم
Васлуй	وزلو
Лупени	لوپه
Сучава	سوچاوا
Бухарест	بخارست
Лугож	لوگوژ
Тиргу-Муреш	ترگو مورش
Сэчеле	ساچله
Турну-Мэгуреле	تورنو مگورل
Герла	گرله
Дрэгэшани	درگشنه
Меркуря-Чук	میرکورا چو
Топлитса	توپلیتسا
Брашов	براشوف
Себеш	سبش
Салонта	سلونته
Дорохой	دوروهو
Кимпулунг-Молдовенеск	کومپولونگ مولدومنه
Алба-Юлия	البا لولیا
Римнику-Сэрат	رمنیکو سره
Рошиорий-де-Веде	روشیوری ده وده
Тулча	تولچه
Тимишоара	تیمیشوارا
Георгени	گئورگه
Меҷидия	مدجیجا
Регин	رگین
Урзичени	اورزیچه
Роман	رومان
Бакэу	بکو
Ватра-Дорней	وتره دورنه
Сфинту-Георге	سفنتو گئورگه
Брэила	برئیلا
Решитса	رشیتسا
Орэштие	اورشتیه
Сату-Маре	ستو ماره
Кимпия-Турзий	کمپیا تورزی
Фэлтичени	فالتیچه
Текуч	تکوچ
Одорхею-Секуйеск	اودورهیو سکویس
Кодля	کودله
Фетешти	فتش
Блаж	بله
Маргита	مرگیته
Беюш	بیهور
Питешти	پیتشت
Плоешти	پلویشت
Аҷуд	ادژو
Аюд	ایو
Кимпина	کمپیا
Оршова	اورشووا
Турда	توردا
Сибиу	سیبیو
Яш	یاش
Арад	آراد
Дробета-Турну-Северин	دروبتا-تورنو سورین
Бузэу	بوزائو
Деж	ده
Кэлэраши	کلرش
Мойнешти	موینشت
Тиргу-Секуйеск	ترگو سکوئیس
Крайова	کرایووا
Петрошани	پتروشن
Морени	موره
Медиаш	مدیا
Калафат	کلفه
Олтенитса	اولتنیتسا
Тирнэвени	ترناوه
Карей	کره
Орадя	اورادئا
Куртя-де-Арҷеш	کورتا ده ارجه
Куртя-де-Арҷеш	کورتا ده ارجه
Пиренеи	اوپیرنه
Майенн	ماین
Венна	وین
Буш дю Рон	بوش دو رون
Савойя	اوت-ساووآ
Жер	ژر
Тарн и Гаронна	تارن-ا-گارون
Эр и Луар	اور-ا-لوآر
Луара	لوآر
Эна	انه
Нор	نورد
Сомма	سم
Манш	مانش
Дё Севр	دو-سور
Кот-д’Ор	کوت-دور
Шаранта	شرانت-ماریتیم
Ареж	آرییژ
Эро	ارو،
Пюи де Дом	پوی ددوم
Луара	اوت-لوار
Сена — Сен	سن-سن-دونی
Жиронда	ژیروند
Лот	لو
Од	اود
Дром	دروم
Арденн	آردن
Тарн	تارن
Але	آلیه
Шер	شر
Ил и Вилен	ایل-ا-ویلن
Рона	رون
Корсика Верхняя	کرس شمالی
Об	اوب
Крёз	کروز
Департаменти	آلپ-ماریتیم
Морбиан	موربیان
Йонна	یون
Лозер	لوزر
Воклюз	وکلوز
Эндр Луара	اندر الوآر
Сона и Луара	سائون-ا-لوآر
Белфор	بلفور
Лот ва Гаронна	لو-ا-گرون
Гаронна	اوت-گارون
Марна	اوت-مارن
Эн	ان
Савойя	سووآ
Мёрт Мозел	مورت موزل
Пиренеи Атлантикӣ	پیرنه-آتلانتیک
Кот д'Армор	کوت-دارمور
Сен	او-دو-سن
Луаре	لوآره
Эссонна	اسون
Вар	ور
Алп	اوت-آلپ
Эр	اور
Марна	مرن
Аверон	آویرون
Финистер	فینیستر
Вал д'Уаз	ول-دوآز
Сона	اوت-سئون
Ивелин	ایولین
Пиренеи Шарқӣ	پیرنه اوریانتل
Ду	دو
Сена Приморская	سن ماریتیم
Луара Атлантическая	لوآر-آتلانتیک
Ардеш	آردش
Алп Верхнего Прованса	آلپ-دو-اوت-پرووانس
Юра	ژورا
Орн	اورن
Вогез	ووژ
Вал Марн	ول مرن
Изер	ایزر
Корсика Южная	کرس جنوبی
Рейн	با-رن
Шаранта	شارانت
Мозел	موزل
Вандея	وانده
Кантал	کانتال
Коррез	کورز
Сарт	سرت
Рейни	اوت-رن
Невр	نی‌یور
Сена и Марна	سن-ا-مارن
Ланд	لاند
Па де Кале	پا-دو-کاله
Луар и Шер	لوآر-ا-شر
Мёз	موز
Департаменти	اوت-وین
Департаменти	اوت-وین
Бонки Марказии Озарбойҷон	بانک مرکزی آذربایجان
Ўзбекистон	ازبکستان
Қувваҳои амалкунандаи ИМА	ویژه متحده آمریکا
Ҳоэнемс	هوهنمس
Брегентс	برگنتس
Швартсах	شوارتساخ
Дорнбирн	درن‌بیرن
Блудентс	بلودنتس
Фурудгоҳи дюидсн кон	فرودگاه دیویدسن کانتی
Братислава	براتیسلاوا
Мошовтсе	موشوفتسی
Флурер	فلوریر
Флурер	فلوریر
Биржаи	وبگاه کاریابی
пиёданизом	پیاده‌نظام
Шақро	شقرا
Ғазза	غزه
Купер	کوپر
Тими футболи Қатар	تیم فوتبال قطر
Тими футболи Олмон	تیم فوتبال آلمان
миллии футболи Ӯзбекистон	ملی فوتبال ازبکستان
Тими футболи Англия	تیم فوتبال انگلیس
Тими футболи Эрон	تیم فوتبال ایران
тими Тоҷикистон	تیم تاجیکستان
Валденбург	ولدانبورگ،
Русинер	روسینی‌یر
Минтақаи Порис	منطقه پاریس
Минтақаи Порис	منطقه پاریس
минтақаи Порис	منطقه پاریس
минтақаи Порис	منطقه پاریس
Колхоз	کلخوز
Китобхонаи салтанатии Пуртуғол	کابینه سلطنتی پرتغال
Донишгоҳи Аберистуит	دانشگاه آبریستویث
Иморати Исломии Афғонистон	امارت اسلامی افغانستان
Валлетта	والتا
Ондра Прадиш	آندرا پرادش
Шоҳаншоҳии Эрон	شاهنشاهی ایران
Гуҷарот	گجرات
Русияи Ягона	روسیه متحد
Ҷабҳаи озодикунии	جبهه آزادی‌بخش میهنی
Ҳизби Навин	حزب نوین
Ҳизби Халқии Демократии Тоҷикистон	حزب خلق دموکرات تاجیکستان
исломии Афғонистон	اسلامی افغانستان
Қонун ва Адолат	قانون و عدالت
— Гурҷистони	گرجستان
Нур Отан	نور اوتان
Ҳизби аграрии	حزب کشاورزی
Эътилофи Афғонистон	ائتلاف افغانستان
Ҳизби ҷомеагаро	حزب جامعه‌گرا
Ҳизби Баъс	حزب بعث
Ҳизби Корея	حزب کره
Ҷунбиши Гурҷистон	جنبش گرجستان
Ҳизби миллӣ	حزب ملی
Ҳизби Наҳзати Исломии Тоҷикистон	حزب نهضت اسلامی تاجیکستان
милии Укроин	ملی اوکراینی
Ҳизби Истиқлоли Пуэрто-Рико	حزب استقلال پورتوریکو
Ҳизби Сербия	حزب صرب
Ҳизби демукроти ИМА	حزب دموکرات متحده
Непал	نپالی
Амонат	نور اوتان
Ҳизби либерал-демократ	حزب لیبرال دموکرات
Ҳинд	هند
Танзими даъвати исломии Афғонистон	تنظیم دعوت اسلامی افغانستان
Ҳизби панэронӣ	حزب پان ایرانیست
Лело барои Гурҷистон	للو برای گرجستان
Сабзҳо — Алтернативаи	سبزها – آلترناتیو
Ҳизби ҷумҳурихоҳ	حزب جمهوری‌خواه
Ҳизби Адолат ва Тараққиёт	حزب عدالت و توسعه
Ҳаракат сотсиализм	حرکت سوسیالیسم
Ҳизби Эстония	حزب استونی
Ҳизби коммунист Сан-Марино	حزب کمونیست سان مارینو
Ҳизби конститутсионии ИМА	حزب قانون اساسی متحده
Ҳизби демократии	حزب دموکراتیک
Ҳизби вигҳои	حزب ویگ
Миллӣ барои Демократия	ملی برای دموکراسی
Гоминдан	کومینتانگ
Ҳизби либертарии	حزب لیبرترین
Абвер	آبوهر
Пойгоҳи нерӯе ҳаво дарё Чин	پایگاه نیروی هوایی دریایی چین
мусаллаҳи Исломии Эрон	مسلح اسلامی ایران
Бангалор	بنگلور
Мумбай	بمبئی
Ченнаи	چنای
Мазуллас	ماسولاس
Алтавилла-Ирпина	التاویلا ایرپینا
Гоннозно	گونوسنو
Айелло-дел-Сабато	ایلو دل ساباتو
Боронедду	بوروندو
Таурази	تاوراسی
Мелито-Ирпино	ملیتو ایرپینو
Минтурно	مینتورنو
Луогосано	لووگوسانو
Бауладу	باولادو
Санту-Луссурҷу	سانتو لوسورجیو
Фордонҷанус	فوردونجیانوس
Монтреста	مونترستا
Самугео	ساموگئو
Сиапичча	سیاپیچیا
Моргонҷори	مورگونجیوری
Нуречи	نورچی
Куркурис	کورکوریس
Модоло	مودولو
Вилланова-дел-Баттиста	ویلانووا دل باتیستا
Монтефорте-Ирпино	مونته‌فورته ایرپینو
Олластра	اولاسترا
Болоня	بولونیا
Кастелфранчи	کاستلفرانچی
Куадрелле	کوادرله
Вилламайна	ویلاماینا
Таурано	تاورانو
Боза	بوسا
Сиамаҷоре	سیاماجوره
Сагама	ساگاما
Конса-делла-Кампания	کونتزا دلا کامپانیا
Калитри	کالیتری
Теора	تئورا
Баратили-Сан-Пйетро	باراتیلی سن پیترو
Скано-Монтиферро	اسکانو دی مونتیفرو
Терралба	ترالبا
Кайрано	کایرانو
Трезнурагес	ترسنوراگس
Нарболия	ناربولیا
Сиаманна	سیامانا
Монтемарано	مونته‌مارانو
Ассоло	آسولو
Паулилатино	پائولیلاتینو
Рокка-Сан-Феличе	روکا سان فلیچه
Червинара	چروینارا
Монтефалчоне	مونته‌فالچیونه
Сонрему	سانرمو
Гречи	گرچی،
Қоштилло	کارونا
Бузаки	بوساچی
Виллаурбана	ویلاوربانا
Урас	اوراس
Калабритто	کالابریتو
Нола	نولا
Неапол	ناپل
Кассано-Ирпино	کاسانو ایرپینو
Аллаи	الای،
Куиндичи	کویندیچی
Триест	تریسته
Лиони	لیونی
Флуссио	فلوسیو
Кандида	کاندیدا،
Магомадас	ماگوماداس
Санта-Ҷуста	سانتا جیوستا
Ула-Тирсо	اولا تیرزو
Авелла	آولا
Каприля-Ирпина	کاپریلیا ایرپینا
Гонностраматса	گونوستراماتزا
Могоро	موگورو
Бриндисӣ	بریندیسی
Милис	میلیس
Лачедония	لاچدونیا
Гуардия-Ломбарди	گواردیا لومباردی
Монтемилетто	مونته‌میلتو
Манокалтсати	مانوکالتزاتی
Гроттаминарда	جروتامیناردا
Авеллино	آولینو
Казалборе	کاسالبوره
Волтурара-Ирпина	وولتورارا ایرپینا
Кастелветере-сул-Калоре	کاستلورتره سول کالوره
Сенис	سنیس
Содди	سودی
Контрада	کونترادا
Баресса	بارسا
Сан-Николо-д’Арчидано	سان نیکولو دآرچیدانو
Лауро	لاورو
Пунтедеро	پونتدرا
Мудено	مودنا
Кастел-Барония	کاستل بارونیا
Ҷенони	جنونی
Банйоли-Ирпино	باگنولی ایرپینو
Вилла-Сант-Антонио	ویلا سانتآنتونیو
Палермо	پالرمو
Кюзано-ди-Сан-Доменико	دی سان دومنیکو
Седдиани	زددیانی
Турин	تورین
Гиларса	گیلارتزا
Могорелла	مورگورلا
Лапио	لاپیو
Марсано-ди-Нола	مارتزانو دی نولا
Ардаули	آردائولی
Сан-Веро-Милис	سن ورو میلیس
Аквилония	آکویلونیا،
Ариано-Ирпино	آریانو ایرپینو
Кулйери	کولیری
Норбелло	نوربلو
Бизачча	بیساکچیا
Нураки	نوراچی
Арборея	آربوریا
Кянке	چیانچه
Суни	سونی
Атрипалда	آتریپالدا
Узеллус	اوزلوس
Карифе	کاریفه
Монтеверде	مونته‌ورده
Силиго	سیلی‌گو
Аббасанта	عباس‌انتا
Андретта	آندرتا
Баяно	بایانو
Черталдо	چرتالدو
Прато	پراتو
Вентикано	ونتیکنو
Домичелла	دومیچلا
Бидони	بیدونی
Лоётику	لایاتیکو
Вилланова-Трускеду	ویلانووا تروسکدو
Сенеге	سنگه
Траматса	تراماتسا
Симаксис	سیماکسیس
Гонноскодина	گونوسکودینا
Бонито	بونیتو،
Дзерфалиу	تزرفالیو
Сини	سینی
Ливорно	لیورنو
Пау	پاو
Тсунголӣ	تزونگولی
Генуя	جنوا
Азуни	آسونی
Седило	سدیلو
Риола-Сардо	ریولا ساردو
Бонаркадо	بونارادو
Виллата	والاتا
Капоселе	کاپوزله
Мирабелла-Эклано	میرابلا اکلانو
Монтекалво-Ирпино	مونته‌کالوو ایرپینو
Монтефуско	مونته فوسکو
Монтагуто	مونتاگوتو
Лакони	لاکونی
Руинас	رویناس
Валлесаккарда	واله‌ساکاردا
Айдомаҷоре	ایداماجیور
Соларусса	سولاروسا
Албаҷара	الباگیارا
Барадили	بارادیلی
Кабрас	کابراس
Сеннариоло	سناریولو
Неонели	نئونلی
Сирис	سیریس
Монтелла	مونتلا
Бари	باری
Тадазуни	تاداسونی
Гроттолелла	جروتوله‌لا
Монтефредане	مونته‌فردانه
Нугеду-Санта-Виттория	نوگدو سانتا ویتوریا
Палмас-Арбореа	پالماس آربورئا
Симала	سیمالا
Вилла-Верде	ویلا ورده
Помпу	پومپو
Тиннура	تینورا
Соррадиле	سورادیله
Гуанчжоу	گوانگ‌ژو
Шион	شی‌آن
Ҳэнанфу	لوئویانگ
Шитсзячжуан	شیجیاژوانگ
Койфенг	کایفنگ
Вуҳон	ووهان
Кунминг	کون‌مینگ
Шингтой	شینگتای
Сзинин	جینینگ
Ҳорбин	هاربین
Горретсвилл	گارستویل،
Флорида	فلوریدا،
Ок-Парк	اوک پارک،
Ковишгари хуршедии Поркер	کاوشگر خورشیدی پارکر
Гримстод	گریمستا
Вугу	ووگو
Кристиёнсонн	کریستیان‌ساند
Тюсвер	تیسور،
Baskin-Робинс	بسکین-رابینز
Baskin-Робинс	بسکین-رابینز
Baskin-Робинс	بسکین-رابینز
Нерӯҳои Русия	نیروهای روسیه
Мусаллаҳи Ҷумҳурии Тоҷикистон	تاجیکستان
Артиши Эрон	ارتش ایران
Нерӯҳои Укроин	نیروهای اوکراین
нерӯи ҳавоӣ	نیروی هوایی
нерӯи заминӣ	نیروی زمینی
Қӯшунҳои Зудамали	قشون‌های مابیلی
Монтклэр	مونتکلیر،
Монтклэр	مونتکلیر،
Саноеъи ҳавоии Қудс	صنایع هوایی قدس
Саноеъи ҳавоии Қудс	صنایع هوایی قدس
Саноеъи ҳавоии Қудс	صنایع هوایی قدس
Иран Худрав	ایران خودرو
нақшбандия	نقشبندیه
Маломатия	ملامتیه
Чиштия	چشتیه
Бектошия	بکتاشیه
қодирия	قادریه
Мавлавия	مولویه
Ҳайати бозбини филми	هیئت بازبینی فیلم
Уплонд	اوپلاند
Ҳедмарк	هدمارک
Оуст-Огдер	اوست آدر
Вест-Огдер	وست آدر
Тромс	ترومز
Маъбади Шоулин	معبد شائولین
Папеэте	پاپیته
Гандора	گنداره
Нумеа	نومئا
бонк	بانک
Эрланген-Ҳёхштадт	ارلانگن-هخشتات
Нуйморкт	نویمارکت
ноҳияи Кулмбах	ناحیه کولمباخ
Ҳелсинкӣ	هلسینکی
Акаа	اکاء
Сало	سالو،
Тампере	تامپری
Порӣ	پوری
Рийҳимокӣ	ریهیماکی
Валкеакоски	والکیاکوسکی
Вааса	واسا
Алавус	الاواس
донишгоҳи Димишқ	دانشگاه دمشق
Донишгоҳи Повиё	دانشگاه پاویا
Донишгоҳи Урал	دانشگاه اورال
Донишгоҳи Шероз	دانشگاه شیراز
Донишгоҳи Тишрин	دانشگاه تشرین
Донишгоҳи давлатии Маскав	دانشگاه دولتی مسکو
Донишгоҳи Тирана	دانشگاه تیرانا
Донишгоҳи Қатар	دانشگاه قطر
Донишгоҳи Тифлис	دانشگاه تفلیس
Донишгоҳи Рум	دانشگاه رم
Донишгоҳи Инсбрук	دانشگاه اینسبروک
Донишгоҳи Дакка	دانشگاه داکا
Донишгоҳи Лвиф	دانشگاه لووف
Донишгоҳи Африқои Ҷанубӣ	دانشگاه آفریقای جنوبی
Донишгоҳи давлатии Ереван	دانشگاه دولتی ایروان
Донишгоҳи Доруссалом	دانشگاه دارالسلام
Донишгоҳи Претория	دانشگاه پرتوریا
Донишгоҳи исломии Алигар	دانشگاه اسلامی علیگر
Фурудгоҳи бин‌алмилалӣ шнжн бун	فرودگاه بین‌المللی شنژن بن
Тиҷоратбонк	بانک
Тиҷоратбонк	بانک
Фурудгоҳи бин‌алмилалӣ боюн гуонгҷу	فرودگاه بین‌المللی بایون گوآنگجو
Фурудгоҳи Никола Тесла	فرودگاه نیکولا تسلا
Донишгоҳи Лусайл	دانشگاه لوسیل
донишгоҳи амрикоии Байрут	دانشگاه آمریکایی بیروت
низомии салтанатии Сандҳурст	نظامی سلطنتی سندهرست
Миср	مصر
Окодимӣ нерӯе ҳаво Покистон	آکادمی نیروی هوایی پاکستان
Окодимӣ нерӯе ҳаво Покистон	آکادمی نیروی هوایی پاکستان
Эндшпил	اند
Вротслав	وروتسواف
Краков	کراکوف
Жешув	ژشوف
Котувитс	کاتوویتس
Гдиня	گدنیا
Бидгошч	بیدگوشچ
Торун	ترونی
Штеттин	شچچین
Гданск	گدانسک
Хагатна	هاگاتنا
Медали Москва»	مدال مسکو
Франкмасонӣ	فراماسونری